payload_mode,canonical_feature,canonical_feature_norm,payload_field_key,payload_contract_type,payload_execution_status,field_template_status,complete_canonical_payload,basic_form_complete_payload_claim,requires_additional_context,mapping_available,mapping_gap,mapping_gap_disclosed,mapping_gap_reason,payload_value_allowed,payload_value_source,synthetic_value_allowed,placeholder_value_allowed,is_executable_payload_value,inference_executed,transformation_executed,uses_threshold,applicant_entered_input,technical_only,hidden_internal_contract,limitation_aware,disclosure_required,disclosure_complete,disclosure_text,source_mapping_key,source_widget_key,source_validation_rule_id
BASIC_FORM,acc_open_past_24mths,acc_open_past_24mths,basic_form__acc_open_past_24mths,non-executable demo payload template,CONTRACT_ONLY,BASIC_FORM_PARTIAL_READY_WITH_GAPS,False,False,True,False,True,True,BASIC_FORM_HAS_NO_SAFE_SOURCE_FIELD_FOR_CANONICAL_TARGET,False,field_template_metadata_only,False,False,False,False,False,False,False,False,False,False,False,True,,basic_form__acc_open_past_24mths__mapping_gap_disclosure,,
BASIC_FORM,bankruptcy_flag,bankruptcy_flag,basic_form__bankruptcy_flag,non-executable demo payload template,CONTRACT_ONLY,BASIC_FORM_PARTIAL_READY_WITH_GAPS,False,False,True,False,True,True,BASIC_FORM_HAS_NO_SAFE_SOURCE_FIELD_FOR_CANONICAL_TARGET,False,field_template_metadata_only,False,False,False,False,False,False,False,False,False,False,False,True,,basic_form__bankruptcy_flag__mapping_gap_disclosure,,
BASIC_FORM,bc_open_to_buy,bc_open_to_buy,basic_form__bc_open_to_buy,non-executable demo payload template,CONTRACT_ONLY,BASIC_FORM_PARTIAL_READY_WITH_GAPS,False,False,True,False,True,True,BASIC_FORM_HAS_NO_SAFE_SOURCE_FIELD_FOR_CANONICAL_TARGET,False,field_template_metadata_only,False,False,False,False,False,False,False,False,False,False,False,True,,basic_form__bc_open_to_buy__mapping_gap_disclosure,,
BASIC_FORM,bc_open_to_buy_missing_flag,bc_open_to_buy_missing_flag,basic_form__bc_open_to_buy_missing_flag,non-executable demo payload template,CONTRACT_ONLY,BASIC_FORM_PARTIAL_READY_WITH_GAPS,False,False,True,False,True,True,BASIC_FORM_HAS_NO_SAFE_SOURCE_FIELD_FOR_CANONICAL_TARGET,False,field_template_metadata_only,False,False,False,False,False,False,False,False,False,False,False,True,,basic_form__bc_open_to_buy_missing_flag__mapping_gap_disclosure,,
BASIC_FORM,bc_util,bc_util,basic_form__bc_util,non-executable demo payload template,CONTRACT_ONLY,BASIC_FORM_PARTIAL_READY_WITH_GAPS,False,False,True,False,True,True,BASIC_FORM_HAS_NO_SAFE_SOURCE_FIELD_FOR_CANONICAL_TARGET,False,field_template_metadata_only,False,False,False,False,False,False,False,False,False,False,False,True,,basic_form__bc_util__mapping_gap_disclosure,,
BASIC_FORM,bc_util_missing_flag,bc_util_missing_flag,basic_form__bc_util_missing_flag,non-executable demo payload template,CONTRACT_ONLY,BASIC_FORM_PARTIAL_READY_WITH_GAPS,False,False,True,False,True,True,BASIC_FORM_HAS_NO_SAFE_SOURCE_FIELD_FOR_CANONICAL_TARGET,False,field_template_metadata_only,False,False,False,False,False,False,False,False,False,False,False,True,,basic_form__bc_util_missing_flag__mapping_gap_disclosure,,
BASIC_FORM,credit_age_months,credit_age_months,basic_form__credit_age_months,non-executable demo payload template,CONTRACT_ONLY,BASIC_FORM_PARTIAL_READY_WITH_GAPS,False,False,True,False,True,True,BASIC_FORM_HAS_NO_SAFE_SOURCE_FIELD_FOR_CANONICAL_TARGET,False,field_template_metadata_only,False,False,False,False,False,False,False,False,False,True,True,True,credit_age_months is limitation-aware and is retained only for contract planning. It is not an applicant-entered Basic Form field and does not authorize runtime scoring.,basic_form__credit_age_months__mapping_gap_disclosure,,
BASIC_FORM,debt_to_income_revol,debt_to_income_revol,basic_form__debt_to_income_revol,non-executable demo payload template,CONTRACT_ONLY,BASIC_FORM_PARTIAL_READY_WITH_GAPS,False,False,True,False,True,True,BASIC_FORM_HAS_NO_SAFE_SOURCE_FIELD_FOR_CANONICAL_TARGET,False,field_template_metadata_only,False,False,False,False,False,False,False,False,False,False,False,True,,basic_form__debt_to_income_revol__mapping_gap_disclosure,,
BASIC_FORM,delinq_2yrs,delinq_2yrs,basic_form__delinq_2yrs,non-executable demo payload template,CONTRACT_ONLY,BASIC_FORM_PARTIAL_READY_WITH_GAPS,False,False,True,False,True,True,BASIC_FORM_HAS_NO_SAFE_SOURCE_FIELD_FOR_CANONICAL_TARGET,False,field_template_metadata_only,False,False,False,False,False,False,False,False,False,False,False,True,,basic_form__delinq_2yrs__mapping_gap_disclosure,,
BASIC_FORM,delinq_flag,delinq_flag,basic_form__delinq_flag,non-executable demo payload template,CONTRACT_ONLY,BASIC_FORM_PARTIAL_READY_WITH_GAPS,False,False,True,False,True,True,BASIC_FORM_HAS_NO_SAFE_SOURCE_FIELD_FOR_CANONICAL_TARGET,False,field_template_metadata_only,False,False,False,False,False,False,False,False,False,False,False,True,,basic_form__delinq_flag__mapping_gap_disclosure,,
BASIC_FORM,dti,dti,basic_form__dti,non-executable demo payload template,CONTRACT_ONLY,BASIC_FORM_PARTIAL_READY_WITH_GAPS,False,False,True,True,False,False,,False,field_template_metadata_only,False,False,False,False,False,False,False,False,False,False,False,True,,basic_form__dti__source_to_canonical,basic_form__dti,VALIDATION::BASIC_FORM__DTI__NORMALIZATION_HANDOFF__DEFER_TO_CELL_7_7__005
BASIC_FORM,fico_avg,fico_avg,basic_form__fico_avg,non-executable demo payload template,CONTRACT_ONLY,BASIC_FORM_PARTIAL_READY_WITH_GAPS,False,False,True,False,True,True,BASIC_FORM_HAS_NO_SAFE_SOURCE_FIELD_FOR_CANONICAL_TARGET,False,field_template_metadata_only,False,False,False,False,False,False,False,False,False,False,False,True,,basic_form__fico_avg__mapping_gap_disclosure,,
BASIC_FORM,grade_encoded,grade_encoded,basic_form__grade_encoded,non-executable demo payload template,CONTRACT_ONLY,BASIC_FORM_PARTIAL_READY_WITH_GAPS,False,False,True,False,True,True,BASIC_FORM_HAS_NO_SAFE_SOURCE_FIELD_FOR_CANONICAL_TARGET,False,field_template_metadata_only,False,False,False,False,False,False,False,False,False,True,True,True,grade_encoded is limitation-aware and is retained only for contract planning. It is not an applicant-entered Basic Form field and does not authorize runtime scoring.,basic_form__grade_encoded__mapping_gap_disclosure,,
BASIC_FORM,high_revol_util_flag,high_revol_util_flag,basic_form__high_revol_util_flag,non-executable demo payload template,CONTRACT_ONLY,BASIC_FORM_PARTIAL_READY_WITH_GAPS,False,False,True,False,True,True,BASIC_FORM_HAS_NO_SAFE_SOURCE_FIELD_FOR_CANONICAL_TARGET,False,field_template_metadata_only,False,False,False,False,False,False,False,False,False,False,False,True,,basic_form__high_revol_util_flag__mapping_gap_disclosure,,
BASIC_FORM,home_ownership_encoded,home_ownership_encoded,basic_form__home_ownership_encoded,non-executable demo payload template,CONTRACT_ONLY,BASIC_FORM_PARTIAL_READY_WITH_GAPS,False,False,True,False,True,True,BASIC_FORM_HAS_NO_SAFE_SOURCE_FIELD_FOR_CANONICAL_TARGET,False,field_template_metadata_only,False,False,False,False,False,False,False,False,False,False,False,True,,basic_form__home_ownership_encoded__mapping_gap_disclosure,,
BASIC_FORM,inq_last_6mths,inq_last_6mths,basic_form__inq_last_6mths,non-executable demo payload template,CONTRACT_ONLY,BASIC_FORM_PARTIAL_READY_WITH_GAPS,False,False,True,False,True,True,BASIC_FORM_HAS_NO_SAFE_SOURCE_FIELD_FOR_CANONICAL_TARGET,False,field_template_metadata_only,False,False,False,False,False,False,False,False,False,False,False,True,,basic_form__inq_last_6mths__mapping_gap_disclosure,,
BASIC_FORM,inq_per_open_acc,inq_per_open_acc,basic_form__inq_per_open_acc,non-executable demo payload template,CONTRACT_ONLY,BASIC_FORM_PARTIAL_READY_WITH_GAPS,False,False,True,False,True,True,BASIC_FORM_HAS_NO_SAFE_SOURCE_FIELD_FOR_CANONICAL_TARGET,False,field_template_metadata_only,False,False,False,False,False,False,False,False,False,False,False,True,,basic_form__inq_per_open_acc__mapping_gap_disclosure,,
BASIC_FORM,installment,installment,basic_form__installment,non-executable demo payload template,CONTRACT_ONLY,BASIC_FORM_PARTIAL_READY_WITH_GAPS,False,False,True,False,True,True,BASIC_FORM_HAS_NO_SAFE_SOURCE_FIELD_FOR_CANONICAL_TARGET,False,field_template_metadata_only,False,False,False,False,False,False,False,False,False,False,False,True,,basic_form__installment__mapping_gap_disclosure,,
BASIC_FORM,is_60_month,is_60_month,basic_form__is_60_month,non-executable demo payload template,CONTRACT_ONLY,BASIC_FORM_PARTIAL_READY_WITH_GAPS,False,False,True,False,True,True,BASIC_FORM_HAS_NO_SAFE_SOURCE_FIELD_FOR_CANONICAL_TARGET,False,field_template_metadata_only,False,False,False,False,False,False,False,False,False,False,False,True,,basic_form__is_60_month__mapping_gap_disclosure,,
BASIC_FORM,loan_amnt,loan_amnt,basic_form__loan_amnt,non-executable demo payload template,CONTRACT_ONLY,BASIC_FORM_PARTIAL_READY_WITH_GAPS,False,False,True,True,False,False,,False,field_template_metadata_only,False,False,False,False,False,False,False,False,False,False,False,True,,basic_form__loan_amnt__source_to_canonical,basic_form__loan_amnt,VALIDATION::BASIC_FORM__LOAN_AMNT__NORMALIZATION_HANDOFF__DEFER_TO_CELL_7_7__005
BASIC_FORM,loan_to_income,loan_to_income,basic_form__loan_to_income,non-executable demo payload template,CONTRACT_ONLY,BASIC_FORM_PARTIAL_READY_WITH_GAPS,False,False,True,False,True,True,BASIC_FORM_HAS_NO_SAFE_SOURCE_FIELD_FOR_CANONICAL_TARGET,False,field_template_metadata_only,False,False,False,False,False,False,False,False,False,False,False,True,,basic_form__loan_to_income__mapping_gap_disclosure,,
BASIC_FORM,log_annual_inc,log_annual_inc,basic_form__log_annual_inc,non-executable demo payload template,CONTRACT_ONLY,BASIC_FORM_PARTIAL_READY_WITH_GAPS,False,False,True,False,True,True,BASIC_FORM_HAS_NO_SAFE_SOURCE_FIELD_FOR_CANONICAL_TARGET,False,field_template_metadata_only,False,False,False,False,False,False,False,False,False,False,False,True,,basic_form__log_annual_inc__mapping_gap_disclosure,,
BASIC_FORM,log_loan_amnt,log_loan_amnt,basic_form__log_loan_amnt,non-executable demo payload template,CONTRACT_ONLY,BASIC_FORM_PARTIAL_READY_WITH_GAPS,False,False,True,False,True,True,BASIC_FORM_HAS_NO_SAFE_SOURCE_FIELD_FOR_CANONICAL_TARGET,False,field_template_metadata_only,False,False,False,False,False,False,False,False,False,False,False,True,,basic_form__log_loan_amnt__mapping_gap_disclosure,,
BASIC_FORM,log_revol_bal,log_revol_bal,basic_form__log_revol_bal,non-executable demo payload template,CONTRACT_ONLY,BASIC_FORM_PARTIAL_READY_WITH_GAPS,False,False,True,False,True,True,BASIC_FORM_HAS_NO_SAFE_SOURCE_FIELD_FOR_CANONICAL_TARGET,False,field_template_metadata_only,False,False,False,False,False,False,False,False,False,False,False,True,,basic_form__log_revol_bal__mapping_gap_disclosure,,
BASIC_FORM,log_tot_cur_bal,log_tot_cur_bal,basic_form__log_tot_cur_bal,non-executable demo payload template,CONTRACT_ONLY,BASIC_FORM_PARTIAL_READY_WITH_GAPS,False,False,True,False,True,True,BASIC_FORM_HAS_NO_SAFE_SOURCE_FIELD_FOR_CANONICAL_TARGET,False,field_template_metadata_only,False,False,False,False,False,False,False,False,False,False,False,True,,basic_form__log_tot_cur_bal__mapping_gap_disclosure,,
BASIC_FORM,log_total_rev_hi_lim,log_total_rev_hi_lim,basic_form__log_total_rev_hi_lim,non-executable demo payload template,CONTRACT_ONLY,BASIC_FORM_PARTIAL_READY_WITH_GAPS,False,False,True,False,True,True,BASIC_FORM_HAS_NO_SAFE_SOURCE_FIELD_FOR_CANONICAL_TARGET,False,field_template_metadata_only,False,False,False,False,False,False,False,False,False,False,False,True,,basic_form__log_total_rev_hi_lim__mapping_gap_disclosure,,
BASIC_FORM,mo_sin_old_rev_tl_op,mo_sin_old_rev_tl_op,basic_form__mo_sin_old_rev_tl_op,non-executable demo payload template,CONTRACT_ONLY,BASIC_FORM_PARTIAL_READY_WITH_GAPS,False,False,True,False,True,True,BASIC_FORM_HAS_NO_SAFE_SOURCE_FIELD_FOR_CANONICAL_TARGET,False,field_template_metadata_only,False,False,False,False,False,False,False,False,False,False,False,True,,basic_form__mo_sin_old_rev_tl_op__mapping_gap_disclosure,,
BASIC_FORM,mo_sin_old_rev_tl_op_missing_flag,mo_sin_old_rev_tl_op_missing_flag,basic_form__mo_sin_old_rev_tl_op_missing_flag,non-executable demo payload template,CONTRACT_ONLY,BASIC_FORM_PARTIAL_READY_WITH_GAPS,False,False,True,False,True,True,BASIC_FORM_HAS_NO_SAFE_SOURCE_FIELD_FOR_CANONICAL_TARGET,False,field_template_metadata_only,False,False,False,False,False,False,False,False,False,False,False,True,,basic_form__mo_sin_old_rev_tl_op_missing_flag__mapping_gap_disclosure,,
BASIC_FORM,mo_sin_rcnt_rev_tl_op,mo_sin_rcnt_rev_tl_op,basic_form__mo_sin_rcnt_rev_tl_op,non-executable demo payload template,CONTRACT_ONLY,BASIC_FORM_PARTIAL_READY_WITH_GAPS,False,False,True,False,True,True,BASIC_FORM_HAS_NO_SAFE_SOURCE_FIELD_FOR_CANONICAL_TARGET,False,field_template_metadata_only,False,False,False,False,False,False,False,False,False,False,False,True,,basic_form__mo_sin_rcnt_rev_tl_op__mapping_gap_disclosure,,
BASIC_FORM,mo_sin_rcnt_rev_tl_op_missing_flag,mo_sin_rcnt_rev_tl_op_missing_flag,basic_form__mo_sin_rcnt_rev_tl_op_missing_flag,non-executable demo payload template,CONTRACT_ONLY,BASIC_FORM_PARTIAL_READY_WITH_GAPS,False,False,True,False,True,True,BASIC_FORM_HAS_NO_SAFE_SOURCE_FIELD_FOR_CANONICAL_TARGET,False,field_template_metadata_only,False,False,False,False,False,False,False,False,False,False,False,True,,basic_form__mo_sin_rcnt_rev_tl_op_missing_flag__mapping_gap_disclosure,,
BASIC_FORM,mort_acc,mort_acc,basic_form__mort_acc,non-executable demo payload template,CONTRACT_ONLY,BASIC_FORM_PARTIAL_READY_WITH_GAPS,False,False,True,False,True,True,BASIC_FORM_HAS_NO_SAFE_SOURCE_FIELD_FOR_CANONICAL_TARGET,False,field_template_metadata_only,False,False,False,False,False,False,False,False,False,False,False,True,,basic_form__mort_acc__mapping_gap_disclosure,,
BASIC_FORM,mths_since_last_delinq,mths_since_last_delinq,basic_form__mths_since_last_delinq,non-executable demo payload template,CONTRACT_ONLY,BASIC_FORM_PARTIAL_READY_WITH_GAPS,False,False,True,False,True,True,BASIC_FORM_HAS_NO_SAFE_SOURCE_FIELD_FOR_CANONICAL_TARGET,False,field_template_metadata_only,False,False,False,False,False,False,False,False,False,False,False,True,,basic_form__mths_since_last_delinq__mapping_gap_disclosure,,
BASIC_FORM,mths_since_last_delinq_missing_flag,mths_since_last_delinq_missing_flag,basic_form__mths_since_last_delinq_missing_flag,non-executable demo payload template,CONTRACT_ONLY,BASIC_FORM_PARTIAL_READY_WITH_GAPS,False,False,True,False,True,True,BASIC_FORM_HAS_NO_SAFE_SOURCE_FIELD_FOR_CANONICAL_TARGET,False,field_template_metadata_only,False,False,False,False,False,False,False,False,False,False,False,True,,basic_form__mths_since_last_delinq_missing_flag__mapping_gap_disclosure,,
BASIC_FORM,num_actv_bc_tl,num_actv_bc_tl,basic_form__num_actv_bc_tl,non-executable demo payload template,CONTRACT_ONLY,BASIC_FORM_PARTIAL_READY_WITH_GAPS,False,False,True,False,True,True,BASIC_FORM_HAS_NO_SAFE_SOURCE_FIELD_FOR_CANONICAL_TARGET,False,field_template_metadata_only,False,False,False,False,False,False,False,False,False,False,False,True,,basic_form__num_actv_bc_tl__mapping_gap_disclosure,,
BASIC_FORM,open_acc,open_acc,basic_form__open_acc,non-executable demo payload template,CONTRACT_ONLY,BASIC_FORM_PARTIAL_READY_WITH_GAPS,False,False,True,False,True,True,BASIC_FORM_HAS_NO_SAFE_SOURCE_FIELD_FOR_CANONICAL_TARGET,False,field_template_metadata_only,False,False,False,False,False,False,False,False,False,False,False,True,,basic_form__open_acc__mapping_gap_disclosure,,
BASIC_FORM,payment_to_income,payment_to_income,basic_form__payment_to_income,non-executable demo payload template,CONTRACT_ONLY,BASIC_FORM_PARTIAL_READY_WITH_GAPS,False,False,True,False,True,True,BASIC_FORM_HAS_NO_SAFE_SOURCE_FIELD_FOR_CANONICAL_TARGET,False,field_template_metadata_only,False,False,False,False,False,False,False,False,False,False,False,True,,basic_form__payment_to_income__mapping_gap_disclosure,,
BASIC_FORM,pct_tl_nvr_dlq,pct_tl_nvr_dlq,basic_form__pct_tl_nvr_dlq,non-executable demo payload template,CONTRACT_ONLY,BASIC_FORM_PARTIAL_READY_WITH_GAPS,False,False,True,False,True,True,BASIC_FORM_HAS_NO_SAFE_SOURCE_FIELD_FOR_CANONICAL_TARGET,False,field_template_metadata_only,False,False,False,False,False,False,False,False,False,False,False,True,,basic_form__pct_tl_nvr_dlq__mapping_gap_disclosure,,
BASIC_FORM,pub_rec,pub_rec,basic_form__pub_rec,non-executable demo payload template,CONTRACT_ONLY,BASIC_FORM_PARTIAL_READY_WITH_GAPS,False,False,True,False,True,True,BASIC_FORM_HAS_NO_SAFE_SOURCE_FIELD_FOR_CANONICAL_TARGET,False,field_template_metadata_only,False,False,False,False,False,False,False,False,False,False,False,True,,basic_form__pub_rec__mapping_gap_disclosure,,
BASIC_FORM,pub_rec_bankruptcies,pub_rec_bankruptcies,basic_form__pub_rec_bankruptcies,non-executable demo payload template,CONTRACT_ONLY,BASIC_FORM_PARTIAL_READY_WITH_GAPS,False,False,True,False,True,True,BASIC_FORM_HAS_NO_SAFE_SOURCE_FIELD_FOR_CANONICAL_TARGET,False,field_template_metadata_only,False,False,False,False,False,False,False,False,False,False,False,True,,basic_form__pub_rec_bankruptcies__mapping_gap_disclosure,,
BASIC_FORM,pub_rec_flag,pub_rec_flag,basic_form__pub_rec_flag,non-executable demo payload template,CONTRACT_ONLY,BASIC_FORM_PARTIAL_READY_WITH_GAPS,False,False,True,False,True,True,BASIC_FORM_HAS_NO_SAFE_SOURCE_FIELD_FOR_CANONICAL_TARGET,False,field_template_metadata_only,False,False,False,False,False,False,False,False,False,False,False,True,,basic_form__pub_rec_flag__mapping_gap_disclosure,,
BASIC_FORM,purpose,purpose,basic_form__purpose,non-executable demo payload template,CONTRACT_ONLY,BASIC_FORM_PARTIAL_READY_WITH_GAPS,False,False,True,True,False,False,,False,field_template_metadata_only,False,False,False,False,False,False,False,False,False,False,False,True,,basic_form__purpose__source_to_canonical,basic_form__purpose,VALIDATION::BASIC_FORM__PURPOSE__NORMALIZATION_HANDOFF__DEFER_TO_CELL_7_7__004
BASIC_FORM,revol_bal,revol_bal,basic_form__revol_bal,non-executable demo payload template,CONTRACT_ONLY,BASIC_FORM_PARTIAL_READY_WITH_GAPS,False,False,True,False,True,True,BASIC_FORM_HAS_NO_SAFE_SOURCE_FIELD_FOR_CANONICAL_TARGET,False,field_template_metadata_only,False,False,False,False,False,False,False,False,False,False,False,True,,basic_form__revol_bal__mapping_gap_disclosure,,
BASIC_FORM,revol_util,revol_util,basic_form__revol_util,non-executable demo payload template,CONTRACT_ONLY,BASIC_FORM_PARTIAL_READY_WITH_GAPS,False,False,True,False,True,True,BASIC_FORM_HAS_NO_SAFE_SOURCE_FIELD_FOR_CANONICAL_TARGET,False,field_template_metadata_only,False,False,False,False,False,False,False,False,False,False,False,True,,basic_form__revol_util__mapping_gap_disclosure,,
BASIC_FORM,term_months,term_months,basic_form__term_months,non-executable demo payload template,CONTRACT_ONLY,BASIC_FORM_PARTIAL_READY_WITH_GAPS,False,False,True,True,False,False,,False,field_template_metadata_only,False,False,False,False,False,False,False,False,False,False,False,True,,basic_form__term_months__source_to_canonical,basic_form__term_months,VALIDATION::BASIC_FORM__TERM_MONTHS__NORMALIZATION_HANDOFF__DEFER_TO_CELL_7_7__005
BASIC_FORM,tot_cur_bal,tot_cur_bal,basic_form__tot_cur_bal,non-executable demo payload template,CONTRACT_ONLY,BASIC_FORM_PARTIAL_READY_WITH_GAPS,False,False,True,False,True,True,BASIC_FORM_HAS_NO_SAFE_SOURCE_FIELD_FOR_CANONICAL_TARGET,False,field_template_metadata_only,False,False,False,False,False,False,False,False,False,False,False,True,,basic_form__tot_cur_bal__mapping_gap_disclosure,,
BASIC_FORM,total_acc,total_acc,basic_form__total_acc,non-executable demo payload template,CONTRACT_ONLY,BASIC_FORM_PARTIAL_READY_WITH_GAPS,False,False,True,False,True,True,BASIC_FORM_HAS_NO_SAFE_SOURCE_FIELD_FOR_CANONICAL_TARGET,False,field_template_metadata_only,False,False,False,False,False,False,False,False,False,False,False,True,,basic_form__total_acc__mapping_gap_disclosure,,
BASIC_FORM,total_rev_hi_lim,total_rev_hi_lim,basic_form__total_rev_hi_lim,non-executable demo payload template,CONTRACT_ONLY,BASIC_FORM_PARTIAL_READY_WITH_GAPS,False,False,True,False,True,True,BASIC_FORM_HAS_NO_SAFE_SOURCE_FIELD_FOR_CANONICAL_TARGET,False,field_template_metadata_only,False,False,False,False,False,False,False,False,False,False,False,True,,basic_form__total_rev_hi_lim__mapping_gap_disclosure,,
BASIC_FORM,util_to_fico_ratio,util_to_fico_ratio,basic_form__util_to_fico_ratio,non-executable demo payload template,CONTRACT_ONLY,BASIC_FORM_PARTIAL_READY_WITH_GAPS,False,False,True,False,True,True,BASIC_FORM_HAS_NO_SAFE_SOURCE_FIELD_FOR_CANONICAL_TARGET,False,field_template_metadata_only,False,False,False,False,False,False,False,False,False,False,False,True,,basic_form__util_to_fico_ratio__mapping_gap_disclosure,,
BASIC_FORM,verification_encoded,verification_encoded,basic_form__verification_encoded,non-executable demo payload template,CONTRACT_ONLY,BASIC_FORM_PARTIAL_READY_WITH_GAPS,False,False,True,False,True,True,BASIC_FORM_HAS_NO_SAFE_SOURCE_FIELD_FOR_CANONICAL_TARGET,False,field_template_metadata_only,False,False,False,False,False,False,False,False,False,False,False,True,,basic_form__verification_encoded__mapping_gap_disclosure,,
SAMPLE_PROFILE,acc_open_past_24mths,acc_open_past_24mths,sample_profile__acc_open_past_24mths,non-executable demo payload template,CONTRACT_ONLY,READY_WITH_WARNINGS,True,,False,True,False,False,,True,sample_profile_feature_matrix_df,True,False,False,False,False,False,False,False,False,False,False,True,,sample_profile__acc_open_past_24mths__synthetic_profile_canonical,sample_profile__acc_open_past_24mths,VALIDATION::SAMPLE_PROFILE__ACC_OPEN_PAST_24MTHS__PAYLOAD_COMPLETENESS__PAYLOAD_COMPLETENESS__001
SAMPLE_PROFILE,bankruptcy_flag,bankruptcy_flag,sample_profile__bankruptcy_flag,non-executable demo payload template,CONTRACT_ONLY,READY_WITH_WARNINGS,True,,False,True,False,False,,True,sample_profile_feature_matrix_df,True,False,False,False,False,False,False,False,False,False,False,True,,sample_profile__bankruptcy_flag__synthetic_profile_canonical,sample_profile__bankruptcy_flag,VALIDATION::SAMPLE_PROFILE__BANKRUPTCY_FLAG__PAYLOAD_COMPLETENESS__PAYLOAD_COMPLETENESS__001
SAMPLE_PROFILE,bc_open_to_buy,bc_open_to_buy,sample_profile__bc_open_to_buy,non-executable demo payload template,CONTRACT_ONLY,READY_WITH_WARNINGS,True,,False,True,False,False,,True,sample_profile_feature_matrix_df,True,False,False,False,False,False,False,False,False,False,False,True,,sample_profile__bc_open_to_buy__synthetic_profile_canonical,sample_profile__bc_open_to_buy,VALIDATION::SAMPLE_PROFILE__BC_OPEN_TO_BUY__PAYLOAD_COMPLETENESS__PAYLOAD_COMPLETENESS__001
SAMPLE_PROFILE,bc_open_to_buy_missing_flag,bc_open_to_buy_missing_flag,sample_profile__bc_open_to_buy_missing_flag,non-executable demo payload template,CONTRACT_ONLY,READY_WITH_WARNINGS,True,,False,True,False,False,,True,sample_profile_feature_matrix_df,True,False,False,False,False,False,False,False,False,False,False,True,,sample_profile__bc_open_to_buy_missing_flag__synthetic_profile_canonical,sample_profile__bc_open_to_buy_missing_flag,VALIDATION::SAMPLE_PROFILE__BC_OPEN_TO_BUY_MISSING_FLAG__PAYLOAD_COMPLETENESS__PAYLOAD_COMPLETENESS__001
SAMPLE_PROFILE,bc_util,bc_util,sample_profile__bc_util,non-executable demo payload template,CONTRACT_ONLY,READY_WITH_WARNINGS,True,,False,True,False,False,,True,sample_profile_feature_matrix_df,True,False,False,False,False,False,False,False,False,False,False,True,,sample_profile__bc_util__synthetic_profile_canonical,sample_profile__bc_util,VALIDATION::SAMPLE_PROFILE__BC_UTIL__PAYLOAD_COMPLETENESS__PAYLOAD_COMPLETENESS__001
SAMPLE_PROFILE,bc_util_missing_flag,bc_util_missing_flag,sample_profile__bc_util_missing_flag,non-executable demo payload template,CONTRACT_ONLY,READY_WITH_WARNINGS,True,,False,True,False,False,,True,sample_profile_feature_matrix_df,True,False,False,False,False,False,False,False,False,False,False,True,,sample_profile__bc_util_missing_flag__synthetic_profile_canonical,sample_profile__bc_util_missing_flag,VALIDATION::SAMPLE_PROFILE__BC_UTIL_MISSING_FLAG__PAYLOAD_COMPLETENESS__PAYLOAD_COMPLETENESS__001
SAMPLE_PROFILE,credit_age_months,credit_age_months,sample_profile__credit_age_months,non-executable demo payload template,CONTRACT_ONLY,READY_WITH_WARNINGS,True,,False,True,False,False,,True,sample_profile_feature_matrix_df,True,False,False,False,False,False,False,False,False,True,True,True,credit_age_months is limitation-aware and is retained only for contract planning. It is not an applicant-entered Basic Form field and does not authorize runtime scoring.,sample_profile__credit_age_months__limitation_aware_mapping,sample_profile__credit_age_months,VALIDATION::SAMPLE_PROFILE__CREDIT_AGE_MONTHS__PAYLOAD_COMPLETENESS__PAYLOAD_COMPLETENESS__001
SAMPLE_PROFILE,debt_to_income_revol,debt_to_income_revol,sample_profile__debt_to_income_revol,non-executable demo payload template,CONTRACT_ONLY,READY_WITH_WARNINGS,True,,False,True,False,False,,True,sample_profile_feature_matrix_df,True,False,False,False,False,False,False,False,False,False,False,True,,sample_profile__debt_to_income_revol__synthetic_profile_canonical,sample_profile__debt_to_income_revol,VALIDATION::SAMPLE_PROFILE__DEBT_TO_INCOME_REVOL__PAYLOAD_COMPLETENESS__PAYLOAD_COMPLETENESS__001
SAMPLE_PROFILE,delinq_2yrs,delinq_2yrs,sample_profile__delinq_2yrs,non-executable demo payload template,CONTRACT_ONLY,READY_WITH_WARNINGS,True,,False,True,False,False,,True,sample_profile_feature_matrix_df,True,False,False,False,False,False,False,False,False,False,False,True,,sample_profile__delinq_2yrs__synthetic_profile_canonical,sample_profile__delinq_2yrs,VALIDATION::SAMPLE_PROFILE__DELINQ_2YRS__PAYLOAD_COMPLETENESS__PAYLOAD_COMPLETENESS__001
SAMPLE_PROFILE,delinq_flag,delinq_flag,sample_profile__delinq_flag,non-executable demo payload template,CONTRACT_ONLY,READY_WITH_WARNINGS,True,,False,True,False,False,,True,sample_profile_feature_matrix_df,True,False,False,False,False,False,False,False,False,False,False,True,,sample_profile__delinq_flag__synthetic_profile_canonical,sample_profile__delinq_flag,VALIDATION::SAMPLE_PROFILE__DELINQ_FLAG__PAYLOAD_COMPLETENESS__PAYLOAD_COMPLETENESS__001
SAMPLE_PROFILE,dti,dti,sample_profile__dti,non-executable demo payload template,CONTRACT_ONLY,READY_WITH_WARNINGS,True,,False,True,False,False,,True,sample_profile_feature_matrix_df,True,False,False,False,False,False,False,False,False,False,False,True,,sample_profile__dti__synthetic_profile_canonical,sample_profile__dti,VALIDATION::SAMPLE_PROFILE__DTI__PAYLOAD_COMPLETENESS__PAYLOAD_COMPLETENESS__001
SAMPLE_PROFILE,fico_avg,fico_avg,sample_profile__fico_avg,non-executable demo payload template,CONTRACT_ONLY,READY_WITH_WARNINGS,True,,False,True,False,False,,True,sample_profile_feature_matrix_df,True,False,False,False,False,False,False,False,False,False,False,True,,sample_profile__fico_avg__synthetic_profile_canonical,sample_profile__fico_avg,VALIDATION::SAMPLE_PROFILE__FICO_AVG__PAYLOAD_COMPLETENESS__PAYLOAD_COMPLETENESS__001
SAMPLE_PROFILE,grade_encoded,grade_encoded,sample_profile__grade_encoded,non-executable demo payload template,CONTRACT_ONLY,READY_WITH_WARNINGS,True,,False,True,False,False,,True,sample_profile_feature_matrix_df,True,False,False,False,False,False,False,False,False,True,True,True,grade_encoded is limitation-aware and is retained only for contract planning. It is not an applicant-entered Basic Form field and does not authorize runtime scoring.,sample_profile__grade_encoded__limitation_aware_mapping,sample_profile__grade_encoded,VALIDATION::SAMPLE_PROFILE__GRADE_ENCODED__PAYLOAD_COMPLETENESS__PAYLOAD_COMPLETENESS__001
SAMPLE_PROFILE,high_revol_util_flag,high_revol_util_flag,sample_profile__high_revol_util_flag,non-executable demo payload template,CONTRACT_ONLY,READY_WITH_WARNINGS,True,,False,True,False,False,,True,sample_profile_feature_matrix_df,True,False,False,False,False,False,False,False,False,False,False,True,,sample_profile__high_revol_util_flag__synthetic_profile_canonical,sample_profile__high_revol_util_flag,VALIDATION::SAMPLE_PROFILE__HIGH_REVOL_UTIL_FLAG__PAYLOAD_COMPLETENESS__PAYLOAD_COMPLETENESS__001
SAMPLE_PROFILE,home_ownership_encoded,home_ownership_encoded,sample_profile__home_ownership_encoded,non-executable demo payload template,CONTRACT_ONLY,READY_WITH_WARNINGS,True,,False,True,False,False,,True,sample_profile_feature_matrix_df,True,False,False,False,False,False,False,False,False,False,False,True,,sample_profile__home_ownership_encoded__synthetic_profile_canonical,sample_profile__home_ownership_encoded,VALIDATION::SAMPLE_PROFILE__HOME_OWNERSHIP_ENCODED__PAYLOAD_COMPLETENESS__PAYLOAD_COMPLETENESS__001
SAMPLE_PROFILE,inq_last_6mths,inq_last_6mths,sample_profile__inq_last_6mths,non-executable demo payload template,CONTRACT_ONLY,READY_WITH_WARNINGS,True,,False,True,False,False,,True,sample_profile_feature_matrix_df,True,False,False,False,False,False,False,False,False,False,False,True,,sample_profile__inq_last_6mths__synthetic_profile_canonical,sample_profile__inq_last_6mths,VALIDATION::SAMPLE_PROFILE__INQ_LAST_6MTHS__PAYLOAD_COMPLETENESS__PAYLOAD_COMPLETENESS__001
SAMPLE_PROFILE,inq_per_open_acc,inq_per_open_acc,sample_profile__inq_per_open_acc,non-executable demo payload template,CONTRACT_ONLY,READY_WITH_WARNINGS,True,,False,True,False,False,,True,sample_profile_feature_matrix_df,True,False,False,False,False,False,False,False,False,False,False,True,,sample_profile__inq_per_open_acc__synthetic_profile_canonical,sample_profile__inq_per_open_acc,VALIDATION::SAMPLE_PROFILE__INQ_PER_OPEN_ACC__PAYLOAD_COMPLETENESS__PAYLOAD_COMPLETENESS__001
SAMPLE_PROFILE,installment,installment,sample_profile__installment,non-executable demo payload template,CONTRACT_ONLY,READY_WITH_WARNINGS,True,,False,True,False,False,,True,sample_profile_feature_matrix_df,True,False,False,False,False,False,False,False,False,False,False,True,,sample_profile__installment__synthetic_profile_canonical,sample_profile__installment,VALIDATION::SAMPLE_PROFILE__INSTALLMENT__PAYLOAD_COMPLETENESS__PAYLOAD_COMPLETENESS__001
SAMPLE_PROFILE,is_60_month,is_60_month,sample_profile__is_60_month,non-executable demo payload template,CONTRACT_ONLY,READY_WITH_WARNINGS,True,,False,True,False,False,,True,sample_profile_feature_matrix_df,True,False,False,False,False,False,False,False,False,False,False,True,,sample_profile__is_60_month__synthetic_profile_canonical,sample_profile__is_60_month,VALIDATION::SAMPLE_PROFILE__IS_60_MONTH__PAYLOAD_COMPLETENESS__PAYLOAD_COMPLETENESS__001
SAMPLE_PROFILE,loan_amnt,loan_amnt,sample_profile__loan_amnt,non-executable demo payload template,CONTRACT_ONLY,READY_WITH_WARNINGS,True,,False,True,False,False,,True,sample_profile_feature_matrix_df,True,False,False,False,False,False,False,False,False,False,False,True,,sample_profile__loan_amnt__synthetic_profile_canonical,sample_profile__loan_amnt,VALIDATION::SAMPLE_PROFILE__LOAN_AMNT__PAYLOAD_COMPLETENESS__PAYLOAD_COMPLETENESS__001
SAMPLE_PROFILE,loan_to_income,loan_to_income,sample_profile__loan_to_income,non-executable demo payload template,CONTRACT_ONLY,READY_WITH_WARNINGS,True,,False,True,False,False,,True,sample_profile_feature_matrix_df,True,False,False,False,False,False,False,False,False,False,False,True,,sample_profile__loan_to_income__synthetic_profile_canonical,sample_profile__loan_to_income,VALIDATION::SAMPLE_PROFILE__LOAN_TO_INCOME__PAYLOAD_COMPLETENESS__PAYLOAD_COMPLETENESS__001
SAMPLE_PROFILE,log_annual_inc,log_annual_inc,sample_profile__log_annual_inc,non-executable demo payload template,CONTRACT_ONLY,READY_WITH_WARNINGS,True,,False,True,False,False,,True,sample_profile_feature_matrix_df,True,False,False,False,False,False,False,False,False,False,False,True,,sample_profile__log_annual_inc__synthetic_profile_canonical,sample_profile__log_annual_inc,VALIDATION::SAMPLE_PROFILE__LOG_ANNUAL_INC__PAYLOAD_COMPLETENESS__PAYLOAD_COMPLETENESS__001
SAMPLE_PROFILE,log_loan_amnt,log_loan_amnt,sample_profile__log_loan_amnt,non-executable demo payload template,CONTRACT_ONLY,READY_WITH_WARNINGS,True,,False,True,False,False,,True,sample_profile_feature_matrix_df,True,False,False,False,False,False,False,False,False,False,False,True,,sample_profile__log_loan_amnt__synthetic_profile_canonical,sample_profile__log_loan_amnt,VALIDATION::SAMPLE_PROFILE__LOG_LOAN_AMNT__PAYLOAD_COMPLETENESS__PAYLOAD_COMPLETENESS__001
SAMPLE_PROFILE,log_revol_bal,log_revol_bal,sample_profile__log_revol_bal,non-executable demo payload template,CONTRACT_ONLY,READY_WITH_WARNINGS,True,,False,True,False,False,,True,sample_profile_feature_matrix_df,True,False,False,False,False,False,False,False,False,False,False,True,,sample_profile__log_revol_bal__synthetic_profile_canonical,sample_profile__log_revol_bal,VALIDATION::SAMPLE_PROFILE__LOG_REVOL_BAL__PAYLOAD_COMPLETENESS__PAYLOAD_COMPLETENESS__001
SAMPLE_PROFILE,log_tot_cur_bal,log_tot_cur_bal,sample_profile__log_tot_cur_bal,non-executable demo payload template,CONTRACT_ONLY,READY_WITH_WARNINGS,True,,False,True,False,False,,True,sample_profile_feature_matrix_df,True,False,False,False,False,False,False,False,False,False,False,True,,sample_profile__log_tot_cur_bal__synthetic_profile_canonical,sample_profile__log_tot_cur_bal,VALIDATION::SAMPLE_PROFILE__LOG_TOT_CUR_BAL__PAYLOAD_COMPLETENESS__PAYLOAD_COMPLETENESS__001
SAMPLE_PROFILE,log_total_rev_hi_lim,log_total_rev_hi_lim,sample_profile__log_total_rev_hi_lim,non-executable demo payload template,CONTRACT_ONLY,READY_WITH_WARNINGS,True,,False,True,False,False,,True,sample_profile_feature_matrix_df,True,False,False,False,False,False,False,False,False,False,False,True,,sample_profile__log_total_rev_hi_lim__synthetic_profile_canonical,sample_profile__log_total_rev_hi_lim,VALIDATION::SAMPLE_PROFILE__LOG_TOTAL_REV_HI_LIM__PAYLOAD_COMPLETENESS__PAYLOAD_COMPLETENESS__001
SAMPLE_PROFILE,mo_sin_old_rev_tl_op,mo_sin_old_rev_tl_op,sample_profile__mo_sin_old_rev_tl_op,non-executable demo payload template,CONTRACT_ONLY,READY_WITH_WARNINGS,True,,False,True,False,False,,True,sample_profile_feature_matrix_df,True,False,False,False,False,False,False,False,False,False,False,True,,sample_profile__mo_sin_old_rev_tl_op__synthetic_profile_canonical,sample_profile__mo_sin_old_rev_tl_op,VALIDATION::SAMPLE_PROFILE__MO_SIN_OLD_REV_TL_OP__PAYLOAD_COMPLETENESS__PAYLOAD_COMPLETENESS__001
SAMPLE_PROFILE,mo_sin_old_rev_tl_op_missing_flag,mo_sin_old_rev_tl_op_missing_flag,sample_profile__mo_sin_old_rev_tl_op_missing_flag,non-executable demo payload template,CONTRACT_ONLY,READY_WITH_WARNINGS,True,,False,True,False,False,,True,sample_profile_feature_matrix_df,True,False,False,False,False,False,False,False,False,False,False,True,,sample_profile__mo_sin_old_rev_tl_op_missing_flag__synthetic_profile_canonical,sample_profile__mo_sin_old_rev_tl_op_missing_flag,VALIDATION::SAMPLE_PROFILE__MO_SIN_OLD_REV_TL_OP_MISSING_FLAG__PAYLOAD_COMPLETENESS__PAYLOAD_COMPLETENESS__001
SAMPLE_PROFILE,mo_sin_rcnt_rev_tl_op,mo_sin_rcnt_rev_tl_op,sample_profile__mo_sin_rcnt_rev_tl_op,non-executable demo payload template,CONTRACT_ONLY,READY_WITH_WARNINGS,True,,False,True,False,False,,True,sample_profile_feature_matrix_df,True,False,False,False,False,False,False,False,False,False,False,True,,sample_profile__mo_sin_rcnt_rev_tl_op__synthetic_profile_canonical,sample_profile__mo_sin_rcnt_rev_tl_op,VALIDATION::SAMPLE_PROFILE__MO_SIN_RCNT_REV_TL_OP__PAYLOAD_COMPLETENESS__PAYLOAD_COMPLETENESS__001
SAMPLE_PROFILE,mo_sin_rcnt_rev_tl_op_missing_flag,mo_sin_rcnt_rev_tl_op_missing_flag,sample_profile__mo_sin_rcnt_rev_tl_op_missing_flag,non-executable demo payload template,CONTRACT_ONLY,READY_WITH_WARNINGS,True,,False,True,False,False,,True,sample_profile_feature_matrix_df,True,False,False,False,False,False,False,False,False,False,False,True,,sample_profile__mo_sin_rcnt_rev_tl_op_missing_flag__synthetic_profile_canonical,sample_profile__mo_sin_rcnt_rev_tl_op_missing_flag,VALIDATION::SAMPLE_PROFILE__MO_SIN_RCNT_REV_TL_OP_MISSING_FLAG__PAYLOAD_COMPLETENESS__PAYLOAD_COMPLETENESS__001
SAMPLE_PROFILE,mort_acc,mort_acc,sample_profile__mort_acc,non-executable demo payload template,CONTRACT_ONLY,READY_WITH_WARNINGS,True,,False,True,False,False,,True,sample_profile_feature_matrix_df,True,False,False,False,False,False,False,False,False,False,False,True,,sample_profile__mort_acc__synthetic_profile_canonical,sample_profile__mort_acc,VALIDATION::SAMPLE_PROFILE__MORT_ACC__PAYLOAD_COMPLETENESS__PAYLOAD_COMPLETENESS__001
SAMPLE_PROFILE,mths_since_last_delinq,mths_since_last_delinq,sample_profile__mths_since_last_delinq,non-executable demo payload template,CONTRACT_ONLY,READY_WITH_WARNINGS,True,,False,True,False,False,,True,sample_profile_feature_matrix_df,True,False,False,False,False,False,False,False,False,False,False,True,,sample_profile__mths_since_last_delinq__synthetic_profile_canonical,sample_profile__mths_since_last_delinq,VALIDATION::SAMPLE_PROFILE__MTHS_SINCE_LAST_DELINQ__PAYLOAD_COMPLETENESS__PAYLOAD_COMPLETENESS__001
SAMPLE_PROFILE,mths_since_last_delinq_missing_flag,mths_since_last_delinq_missing_flag,sample_profile__mths_since_last_delinq_missing_flag,non-executable demo payload template,CONTRACT_ONLY,READY_WITH_WARNINGS,True,,False,True,False,False,,True,sample_profile_feature_matrix_df,True,False,False,False,False,False,False,False,False,False,False,True,,sample_profile__mths_since_last_delinq_missing_flag__synthetic_profile_canonical,sample_profile__mths_since_last_delinq_missing_flag,VALIDATION::SAMPLE_PROFILE__MTHS_SINCE_LAST_DELINQ_MISSING_FLAG__PAYLOAD_COMPLETENESS__PAYLOAD_COMPLETENESS__001
SAMPLE_PROFILE,num_actv_bc_tl,num_actv_bc_tl,sample_profile__num_actv_bc_tl,non-executable demo payload template,CONTRACT_ONLY,READY_WITH_WARNINGS,True,,False,True,False,False,,True,sample_profile_feature_matrix_df,True,False,False,False,False,False,False,False,False,False,False,True,,sample_profile__num_actv_bc_tl__synthetic_profile_canonical,sample_profile__num_actv_bc_tl,VALIDATION::SAMPLE_PROFILE__NUM_ACTV_BC_TL__PAYLOAD_COMPLETENESS__PAYLOAD_COMPLETENESS__001
SAMPLE_PROFILE,open_acc,open_acc,sample_profile__open_acc,non-executable demo payload template,CONTRACT_ONLY,READY_WITH_WARNINGS,True,,False,True,False,False,,True,sample_profile_feature_matrix_df,True,False,False,False,False,False,False,False,False,False,False,True,,sample_profile__open_acc__synthetic_profile_canonical,sample_profile__open_acc,VALIDATION::SAMPLE_PROFILE__OPEN_ACC__PAYLOAD_COMPLETENESS__PAYLOAD_COMPLETENESS__001
SAMPLE_PROFILE,payment_to_income,payment_to_income,sample_profile__payment_to_income,non-executable demo payload template,CONTRACT_ONLY,READY_WITH_WARNINGS,True,,False,True,False,False,,True,sample_profile_feature_matrix_df,True,False,False,False,False,False,False,False,False,False,False,True,,sample_profile__payment_to_income__synthetic_profile_canonical,sample_profile__payment_to_income,VALIDATION::SAMPLE_PROFILE__PAYMENT_TO_INCOME__PAYLOAD_COMPLETENESS__PAYLOAD_COMPLETENESS__001
SAMPLE_PROFILE,pct_tl_nvr_dlq,pct_tl_nvr_dlq,sample_profile__pct_tl_nvr_dlq,non-executable demo payload template,CONTRACT_ONLY,READY_WITH_WARNINGS,True,,False,True,False,False,,True,sample_profile_feature_matrix_df,True,False,False,False,False,False,False,False,False,False,False,True,,sample_profile__pct_tl_nvr_dlq__synthetic_profile_canonical,sample_profile__pct_tl_nvr_dlq,VALIDATION::SAMPLE_PROFILE__PCT_TL_NVR_DLQ__PAYLOAD_COMPLETENESS__PAYLOAD_COMPLETENESS__001
SAMPLE_PROFILE,pub_rec,pub_rec,sample_profile__pub_rec,non-executable demo payload template,CONTRACT_ONLY,READY_WITH_WARNINGS,True,,False,True,False,False,,True,sample_profile_feature_matrix_df,True,False,False,False,False,False,False,False,False,False,False,True,,sample_profile__pub_rec__synthetic_profile_canonical,sample_profile__pub_rec,VALIDATION::SAMPLE_PROFILE__PUB_REC__PAYLOAD_COMPLETENESS__PAYLOAD_COMPLETENESS__001
SAMPLE_PROFILE,pub_rec_bankruptcies,pub_rec_bankruptcies,sample_profile__pub_rec_bankruptcies,non-executable demo payload template,CONTRACT_ONLY,READY_WITH_WARNINGS,True,,False,True,False,False,,True,sample_profile_feature_matrix_df,True,False,False,False,False,False,False,False,False,False,False,True,,sample_profile__pub_rec_bankruptcies__synthetic_profile_canonical,sample_profile__pub_rec_bankruptcies,VALIDATION::SAMPLE_PROFILE__PUB_REC_BANKRUPTCIES__PAYLOAD_COMPLETENESS__PAYLOAD_COMPLETENESS__001
SAMPLE_PROFILE,pub_rec_flag,pub_rec_flag,sample_profile__pub_rec_flag,non-executable demo payload template,CONTRACT_ONLY,READY_WITH_WARNINGS,True,,False,True,False,False,,True,sample_profile_feature_matrix_df,True,False,False,False,False,False,False,False,False,False,False,True,,sample_profile__pub_rec_flag__synthetic_profile_canonical,sample_profile__pub_rec_flag,VALIDATION::SAMPLE_PROFILE__PUB_REC_FLAG__PAYLOAD_COMPLETENESS__PAYLOAD_COMPLETENESS__001
SAMPLE_PROFILE,purpose,purpose,sample_profile__purpose,non-executable demo payload template,CONTRACT_ONLY,READY_WITH_WARNINGS,True,,False,True,False,False,,True,sample_profile_feature_matrix_df,True,False,False,False,False,False,False,False,False,False,False,True,,sample_profile__purpose__synthetic_profile_canonical,sample_profile__purpose,VALIDATION::SAMPLE_PROFILE__PURPOSE__PAYLOAD_COMPLETENESS__PAYLOAD_COMPLETENESS__001
SAMPLE_PROFILE,revol_bal,revol_bal,sample_profile__revol_bal,non-executable demo payload template,CONTRACT_ONLY,READY_WITH_WARNINGS,True,,False,True,False,False,,True,sample_profile_feature_matrix_df,True,False,False,False,False,False,False,False,False,False,False,True,,sample_profile__revol_bal__synthetic_profile_canonical,sample_profile__revol_bal,VALIDATION::SAMPLE_PROFILE__REVOL_BAL__PAYLOAD_COMPLETENESS__PAYLOAD_COMPLETENESS__001
SAMPLE_PROFILE,revol_util,revol_util,sample_profile__revol_util,non-executable demo payload template,CONTRACT_ONLY,READY_WITH_WARNINGS,True,,False,True,False,False,,True,sample_profile_feature_matrix_df,True,False,False,False,False,False,False,False,False,False,False,True,,sample_profile__revol_util__synthetic_profile_canonical,sample_profile__revol_util,VALIDATION::SAMPLE_PROFILE__REVOL_UTIL__PAYLOAD_COMPLETENESS__PAYLOAD_COMPLETENESS__001
SAMPLE_PROFILE,term_months,term_months,sample_profile__term_months,non-executable demo payload template,CONTRACT_ONLY,READY_WITH_WARNINGS,True,,False,True,False,False,,True,sample_profile_feature_matrix_df,True,False,False,False,False,False,False,False,False,False,False,True,,sample_profile__term_months__synthetic_profile_canonical,sample_profile__term_months,VALIDATION::SAMPLE_PROFILE__TERM_MONTHS__PAYLOAD_COMPLETENESS__PAYLOAD_COMPLETENESS__001
SAMPLE_PROFILE,tot_cur_bal,tot_cur_bal,sample_profile__tot_cur_bal,non-executable demo payload template,CONTRACT_ONLY,READY_WITH_WARNINGS,True,,False,True,False,False,,True,sample_profile_feature_matrix_df,True,False,False,False,False,False,False,False,False,False,False,True,,sample_profile__tot_cur_bal__synthetic_profile_canonical,sample_profile__tot_cur_bal,VALIDATION::SAMPLE_PROFILE__TOT_CUR_BAL__PAYLOAD_COMPLETENESS__PAYLOAD_COMPLETENESS__001
SAMPLE_PROFILE,total_acc,total_acc,sample_profile__total_acc,non-executable demo payload template,CONTRACT_ONLY,READY_WITH_WARNINGS,True,,False,True,False,False,,True,sample_profile_feature_matrix_df,True,False,False,False,False,False,False,False,False,False,False,True,,sample_profile__total_acc__synthetic_profile_canonical,sample_profile__total_acc,VALIDATION::SAMPLE_PROFILE__TOTAL_ACC__PAYLOAD_COMPLETENESS__PAYLOAD_COMPLETENESS__001
SAMPLE_PROFILE,total_rev_hi_lim,total_rev_hi_lim,sample_profile__total_rev_hi_lim,non-executable demo payload template,CONTRACT_ONLY,READY_WITH_WARNINGS,True,,False,True,False,False,,True,sample_profile_feature_matrix_df,True,False,False,False,False,False,False,False,False,False,False,True,,sample_profile__total_rev_hi_lim__synthetic_profile_canonical,sample_profile__total_rev_hi_lim,VALIDATION::SAMPLE_PROFILE__TOTAL_REV_HI_LIM__PAYLOAD_COMPLETENESS__PAYLOAD_COMPLETENESS__001
SAMPLE_PROFILE,util_to_fico_ratio,util_to_fico_ratio,sample_profile__util_to_fico_ratio,non-executable demo payload template,CONTRACT_ONLY,READY_WITH_WARNINGS,True,,False,True,False,False,,True,sample_profile_feature_matrix_df,True,False,False,False,False,False,False,False,False,False,False,True,,sample_profile__util_to_fico_ratio__synthetic_profile_canonical,sample_profile__util_to_fico_ratio,VALIDATION::SAMPLE_PROFILE__UTIL_TO_FICO_RATIO__PAYLOAD_COMPLETENESS__PAYLOAD_COMPLETENESS__001
SAMPLE_PROFILE,verification_encoded,verification_encoded,sample_profile__verification_encoded,non-executable demo payload template,CONTRACT_ONLY,READY_WITH_WARNINGS,True,,False,True,False,False,,True,sample_profile_feature_matrix_df,True,False,False,False,False,False,False,False,False,False,False,True,,sample_profile__verification_encoded__synthetic_profile_canonical,sample_profile__verification_encoded,VALIDATION::SAMPLE_PROFILE__VERIFICATION_ENCODED__PAYLOAD_COMPLETENESS__PAYLOAD_COMPLETENESS__001
ADVANCED_EDITOR,acc_open_past_24mths,acc_open_past_24mths,advanced_editor__acc_open_past_24mths,non-executable demo payload template,CONTRACT_ONLY,READY_WITH_WARNINGS,True,,False,True,False,False,,False,field_template_metadata_only,False,True,False,False,False,False,False,True,False,False,False,True,,advanced_editor__acc_open_past_24mths__technical_canonical_editor,advanced_editor__acc_open_past_24mths,VALIDATION::ADVANCED_EDITOR__ACC_OPEN_PAST_24MTHS__NORMALIZATION_HANDOFF__DEFER_TO_CELL_7_7__007
ADVANCED_EDITOR,bankruptcy_flag,bankruptcy_flag,advanced_editor__bankruptcy_flag,non-executable demo payload template,CONTRACT_ONLY,READY_WITH_WARNINGS,True,,False,True,False,False,,False,field_template_metadata_only,False,True,False,False,False,False,False,True,False,False,False,True,,advanced_editor__bankruptcy_flag__technical_canonical_editor,advanced_editor__bankruptcy_flag,VALIDATION::ADVANCED_EDITOR__BANKRUPTCY_FLAG__NORMALIZATION_HANDOFF__DEFER_TO_CELL_7_7__006
ADVANCED_EDITOR,bc_open_to_buy,bc_open_to_buy,advanced_editor__bc_open_to_buy,non-executable demo payload template,CONTRACT_ONLY,READY_WITH_WARNINGS,True,,False,True,False,False,,False,field_template_metadata_only,False,True,False,False,False,False,False,True,False,False,False,True,,advanced_editor__bc_open_to_buy__technical_canonical_editor,advanced_editor__bc_open_to_buy,VALIDATION::ADVANCED_EDITOR__BC_OPEN_TO_BUY__NORMALIZATION_HANDOFF__DEFER_TO_CELL_7_7__006
ADVANCED_EDITOR,bc_open_to_buy_missing_flag,bc_open_to_buy_missing_flag,advanced_editor__bc_open_to_buy_missing_flag,non-executable demo payload template,CONTRACT_ONLY,READY_WITH_WARNINGS,True,,False,True,False,False,,False,field_template_metadata_only,False,True,False,False,False,False,False,True,False,False,False,True,,advanced_editor__bc_open_to_buy_missing_flag__technical_canonical_editor,advanced_editor__bc_open_to_buy_missing_flag,VALIDATION::ADVANCED_EDITOR__BC_OPEN_TO_BUY_MISSING_FLAG__NORMALIZATION_HANDOFF__DEFER_TO_CELL_7_7__006
ADVANCED_EDITOR,bc_util,bc_util,advanced_editor__bc_util,non-executable demo payload template,CONTRACT_ONLY,READY_WITH_WARNINGS,True,,False,True,False,False,,False,field_template_metadata_only,False,True,False,False,False,False,False,True,False,False,False,True,,advanced_editor__bc_util__technical_canonical_editor,advanced_editor__bc_util,VALIDATION::ADVANCED_EDITOR__BC_UTIL__NORMALIZATION_HANDOFF__DEFER_TO_CELL_7_7__007
ADVANCED_EDITOR,bc_util_missing_flag,bc_util_missing_flag,advanced_editor__bc_util_missing_flag,non-executable demo payload template,CONTRACT_ONLY,READY_WITH_WARNINGS,True,,False,True,False,False,,False,field_template_metadata_only,False,True,False,False,False,False,False,True,False,False,False,True,,advanced_editor__bc_util_missing_flag__technical_canonical_editor,advanced_editor__bc_util_missing_flag,VALIDATION::ADVANCED_EDITOR__BC_UTIL_MISSING_FLAG__NORMALIZATION_HANDOFF__DEFER_TO_CELL_7_7__006
ADVANCED_EDITOR,credit_age_months,credit_age_months,advanced_editor__credit_age_months,non-executable demo payload template,CONTRACT_ONLY,READY_WITH_WARNINGS,True,,False,True,False,False,,False,field_template_metadata_only,False,True,False,False,False,False,False,True,False,True,True,True,credit_age_months is limitation-aware and is retained only for contract planning. It is not an applicant-entered Basic Form field and does not authorize runtime scoring.,advanced_editor__credit_age_months__limitation_aware_mapping,advanced_editor__credit_age_months,VALIDATION::ADVANCED_EDITOR__CREDIT_AGE_MONTHS__NORMALIZATION_HANDOFF__DEFER_TO_CELL_7_7__008
ADVANCED_EDITOR,debt_to_income_revol,debt_to_income_revol,advanced_editor__debt_to_income_revol,non-executable demo payload template,CONTRACT_ONLY,READY_WITH_WARNINGS,True,,False,True,False,False,,False,field_template_metadata_only,False,True,False,False,False,False,False,True,False,False,False,True,,advanced_editor__debt_to_income_revol__technical_canonical_editor,advanced_editor__debt_to_income_revol,VALIDATION::ADVANCED_EDITOR__DEBT_TO_INCOME_REVOL__NORMALIZATION_HANDOFF__DEFER_TO_CELL_7_7__006
ADVANCED_EDITOR,delinq_2yrs,delinq_2yrs,advanced_editor__delinq_2yrs,non-executable demo payload template,CONTRACT_ONLY,READY_WITH_WARNINGS,True,,False,True,False,False,,False,field_template_metadata_only,False,True,False,False,False,False,False,True,False,False,False,True,,advanced_editor__delinq_2yrs__technical_canonical_editor,advanced_editor__delinq_2yrs,VALIDATION::ADVANCED_EDITOR__DELINQ_2YRS__NORMALIZATION_HANDOFF__DEFER_TO_CELL_7_7__007
ADVANCED_EDITOR,delinq_flag,delinq_flag,advanced_editor__delinq_flag,non-executable demo payload template,CONTRACT_ONLY,READY_WITH_WARNINGS,True,,False,True,False,False,,False,field_template_metadata_only,False,True,False,False,False,False,False,True,False,False,False,True,,advanced_editor__delinq_flag__technical_canonical_editor,advanced_editor__delinq_flag,VALIDATION::ADVANCED_EDITOR__DELINQ_FLAG__NORMALIZATION_HANDOFF__DEFER_TO_CELL_7_7__006
ADVANCED_EDITOR,dti,dti,advanced_editor__dti,non-executable demo payload template,CONTRACT_ONLY,READY_WITH_WARNINGS,True,,False,True,False,False,,False,field_template_metadata_only,False,True,False,False,False,False,False,True,False,False,False,True,,advanced_editor__dti__technical_canonical_editor,advanced_editor__dti,VALIDATION::ADVANCED_EDITOR__DTI__NORMALIZATION_HANDOFF__DEFER_TO_CELL_7_7__007
ADVANCED_EDITOR,fico_avg,fico_avg,advanced_editor__fico_avg,non-executable demo payload template,CONTRACT_ONLY,READY_WITH_WARNINGS,True,,False,True,False,False,,False,field_template_metadata_only,False,True,False,False,False,False,False,True,False,False,False,True,,advanced_editor__fico_avg__technical_canonical_editor,advanced_editor__fico_avg,VALIDATION::ADVANCED_EDITOR__FICO_AVG__NORMALIZATION_HANDOFF__DEFER_TO_CELL_7_7__007
ADVANCED_EDITOR,grade_encoded,grade_encoded,advanced_editor__grade_encoded,non-executable demo payload template,CONTRACT_ONLY,READY_WITH_WARNINGS,True,,False,True,False,False,,False,field_template_metadata_only,False,True,False,False,False,False,False,True,False,True,True,True,grade_encoded is limitation-aware and is retained only for contract planning. It is not an applicant-entered Basic Form field and does not authorize runtime scoring.,advanced_editor__grade_encoded__limitation_aware_mapping,advanced_editor__grade_encoded,VALIDATION::ADVANCED_EDITOR__GRADE_ENCODED__NORMALIZATION_HANDOFF__DEFER_TO_CELL_7_7__007
ADVANCED_EDITOR,high_revol_util_flag,high_revol_util_flag,advanced_editor__high_revol_util_flag,non-executable demo payload template,CONTRACT_ONLY,READY_WITH_WARNINGS,True,,False,True,False,False,,False,field_template_metadata_only,False,True,False,False,False,False,False,True,False,False,False,True,,advanced_editor__high_revol_util_flag__technical_canonical_editor,advanced_editor__high_revol_util_flag,VALIDATION::ADVANCED_EDITOR__HIGH_REVOL_UTIL_FLAG__NORMALIZATION_HANDOFF__DEFER_TO_CELL_7_7__006
ADVANCED_EDITOR,home_ownership_encoded,home_ownership_encoded,advanced_editor__home_ownership_encoded,non-executable demo payload template,CONTRACT_ONLY,READY_WITH_WARNINGS,True,,False,True,False,False,,False,field_template_metadata_only,False,True,False,False,False,False,False,True,False,False,False,True,,advanced_editor__home_ownership_encoded__technical_canonical_editor,advanced_editor__home_ownership_encoded,VALIDATION::ADVANCED_EDITOR__HOME_OWNERSHIP_ENCODED__NORMALIZATION_HANDOFF__DEFER_TO_CELL_7_7__006
ADVANCED_EDITOR,inq_last_6mths,inq_last_6mths,advanced_editor__inq_last_6mths,non-executable demo payload template,CONTRACT_ONLY,READY_WITH_WARNINGS,True,,False,True,False,False,,False,field_template_metadata_only,False,True,False,False,False,False,False,True,False,False,False,True,,advanced_editor__inq_last_6mths__technical_canonical_editor,advanced_editor__inq_last_6mths,VALIDATION::ADVANCED_EDITOR__INQ_LAST_6MTHS__NORMALIZATION_HANDOFF__DEFER_TO_CELL_7_7__007
ADVANCED_EDITOR,inq_per_open_acc,inq_per_open_acc,advanced_editor__inq_per_open_acc,non-executable demo payload template,CONTRACT_ONLY,READY_WITH_WARNINGS,True,,False,True,False,False,,False,field_template_metadata_only,False,True,False,False,False,False,False,True,False,False,False,True,,advanced_editor__inq_per_open_acc__technical_canonical_editor,advanced_editor__inq_per_open_acc,VALIDATION::ADVANCED_EDITOR__INQ_PER_OPEN_ACC__NORMALIZATION_HANDOFF__DEFER_TO_CELL_7_7__007
ADVANCED_EDITOR,installment,installment,advanced_editor__installment,non-executable demo payload template,CONTRACT_ONLY,READY_WITH_WARNINGS,True,,False,True,False,False,,False,field_template_metadata_only,False,True,False,False,False,False,False,True,False,False,False,True,,advanced_editor__installment__technical_canonical_editor,advanced_editor__installment,VALIDATION::ADVANCED_EDITOR__INSTALLMENT__NORMALIZATION_HANDOFF__DEFER_TO_CELL_7_7__007
ADVANCED_EDITOR,is_60_month,is_60_month,advanced_editor__is_60_month,non-executable demo payload template,CONTRACT_ONLY,READY_WITH_WARNINGS,True,,False,True,False,False,,False,field_template_metadata_only,False,True,False,False,False,False,False,True,False,False,False,True,,advanced_editor__is_60_month__technical_canonical_editor,advanced_editor__is_60_month,VALIDATION::ADVANCED_EDITOR__IS_60_MONTH__NORMALIZATION_HANDOFF__DEFER_TO_CELL_7_7__006
ADVANCED_EDITOR,loan_amnt,loan_amnt,advanced_editor__loan_amnt,non-executable demo payload template,CONTRACT_ONLY,READY_WITH_WARNINGS,True,,False,True,False,False,,False,field_template_metadata_only,False,True,False,False,False,False,False,True,False,False,False,True,,advanced_editor__loan_amnt__technical_canonical_editor,advanced_editor__loan_amnt,VALIDATION::ADVANCED_EDITOR__LOAN_AMNT__NORMALIZATION_HANDOFF__DEFER_TO_CELL_7_7__007
ADVANCED_EDITOR,loan_to_income,loan_to_income,advanced_editor__loan_to_income,non-executable demo payload template,CONTRACT_ONLY,READY_WITH_WARNINGS,True,,False,True,False,False,,False,field_template_metadata_only,False,True,False,False,False,False,False,True,False,False,False,True,,advanced_editor__loan_to_income__technical_canonical_editor,advanced_editor__loan_to_income,VALIDATION::ADVANCED_EDITOR__LOAN_TO_INCOME__NORMALIZATION_HANDOFF__DEFER_TO_CELL_7_7__006
ADVANCED_EDITOR,log_annual_inc,log_annual_inc,advanced_editor__log_annual_inc,non-executable demo payload template,CONTRACT_ONLY,READY_WITH_WARNINGS,True,,False,True,False,False,,False,field_template_metadata_only,False,True,False,False,False,False,False,True,False,False,False,True,,advanced_editor__log_annual_inc__technical_canonical_editor,advanced_editor__log_annual_inc,VALIDATION::ADVANCED_EDITOR__LOG_ANNUAL_INC__NORMALIZATION_HANDOFF__DEFER_TO_CELL_7_7__007
ADVANCED_EDITOR,log_loan_amnt,log_loan_amnt,advanced_editor__log_loan_amnt,non-executable demo payload template,CONTRACT_ONLY,READY_WITH_WARNINGS,True,,False,True,False,False,,False,field_template_metadata_only,False,True,False,False,False,False,False,True,False,False,False,True,,advanced_editor__log_loan_amnt__technical_canonical_editor,advanced_editor__log_loan_amnt,VALIDATION::ADVANCED_EDITOR__LOG_LOAN_AMNT__NORMALIZATION_HANDOFF__DEFER_TO_CELL_7_7__007
ADVANCED_EDITOR,log_revol_bal,log_revol_bal,advanced_editor__log_revol_bal,non-executable demo payload template,CONTRACT_ONLY,READY_WITH_WARNINGS,True,,False,True,False,False,,False,field_template_metadata_only,False,True,False,False,False,False,False,True,False,False,False,True,,advanced_editor__log_revol_bal__technical_canonical_editor,advanced_editor__log_revol_bal,VALIDATION::ADVANCED_EDITOR__LOG_REVOL_BAL__NORMALIZATION_HANDOFF__DEFER_TO_CELL_7_7__006
ADVANCED_EDITOR,log_tot_cur_bal,log_tot_cur_bal,advanced_editor__log_tot_cur_bal,non-executable demo payload template,CONTRACT_ONLY,READY_WITH_WARNINGS,True,,False,True,False,False,,False,field_template_metadata_only,False,True,False,False,False,False,False,True,False,False,False,True,,advanced_editor__log_tot_cur_bal__technical_canonical_editor,advanced_editor__log_tot_cur_bal,VALIDATION::ADVANCED_EDITOR__LOG_TOT_CUR_BAL__NORMALIZATION_HANDOFF__DEFER_TO_CELL_7_7__006
ADVANCED_EDITOR,log_total_rev_hi_lim,log_total_rev_hi_lim,advanced_editor__log_total_rev_hi_lim,non-executable demo payload template,CONTRACT_ONLY,READY_WITH_WARNINGS,True,,False,True,False,False,,False,field_template_metadata_only,False,True,False,False,False,False,False,True,False,False,False,True,,advanced_editor__log_total_rev_hi_lim__technical_canonical_editor,advanced_editor__log_total_rev_hi_lim,VALIDATION::ADVANCED_EDITOR__LOG_TOTAL_REV_HI_LIM__NORMALIZATION_HANDOFF__DEFER_TO_CELL_7_7__006
ADVANCED_EDITOR,mo_sin_old_rev_tl_op,mo_sin_old_rev_tl_op,advanced_editor__mo_sin_old_rev_tl_op,non-executable demo payload template,CONTRACT_ONLY,READY_WITH_WARNINGS,True,,False,True,False,False,,False,field_template_metadata_only,False,True,False,False,False,False,False,True,False,False,False,True,,advanced_editor__mo_sin_old_rev_tl_op__technical_canonical_editor,advanced_editor__mo_sin_old_rev_tl_op,VALIDATION::ADVANCED_EDITOR__MO_SIN_OLD_REV_TL_OP__NORMALIZATION_HANDOFF__DEFER_TO_CELL_7_7__006
ADVANCED_EDITOR,mo_sin_old_rev_tl_op_missing_flag,mo_sin_old_rev_tl_op_missing_flag,advanced_editor__mo_sin_old_rev_tl_op_missing_flag,non-executable demo payload template,CONTRACT_ONLY,READY_WITH_WARNINGS,True,,False,True,False,False,,False,field_template_metadata_only,False,True,False,False,False,False,False,True,False,False,False,True,,advanced_editor__mo_sin_old_rev_tl_op_missing_flag__technical_canonical_editor,advanced_editor__mo_sin_old_rev_tl_op_missing_flag,VALIDATION::ADVANCED_EDITOR__MO_SIN_OLD_REV_TL_OP_MISSING_FLAG__NORMALIZATION_HANDOFF__DEFER_TO_CELL_7_7__006
ADVANCED_EDITOR,mo_sin_rcnt_rev_tl_op,mo_sin_rcnt_rev_tl_op,advanced_editor__mo_sin_rcnt_rev_tl_op,non-executable demo payload template,CONTRACT_ONLY,READY_WITH_WARNINGS,True,,False,True,False,False,,False,field_template_metadata_only,False,True,False,False,False,False,False,True,False,False,False,True,,advanced_editor__mo_sin_rcnt_rev_tl_op__technical_canonical_editor,advanced_editor__mo_sin_rcnt_rev_tl_op,VALIDATION::ADVANCED_EDITOR__MO_SIN_RCNT_REV_TL_OP__NORMALIZATION_HANDOFF__DEFER_TO_CELL_7_7__006
ADVANCED_EDITOR,mo_sin_rcnt_rev_tl_op_missing_flag,mo_sin_rcnt_rev_tl_op_missing_flag,advanced_editor__mo_sin_rcnt_rev_tl_op_missing_flag,non-executable demo payload template,CONTRACT_ONLY,READY_WITH_WARNINGS,True,,False,True,False,False,,False,field_template_metadata_only,False,True,False,False,False,False,False,True,False,False,False,True,,advanced_editor__mo_sin_rcnt_rev_tl_op_missing_flag__technical_canonical_editor,advanced_editor__mo_sin_rcnt_rev_tl_op_missing_flag,VALIDATION::ADVANCED_EDITOR__MO_SIN_RCNT_REV_TL_OP_MISSING_FLAG__NORMALIZATION_HANDOFF__DEFER_TO_CELL_7_7__006
ADVANCED_EDITOR,mort_acc,mort_acc,advanced_editor__mort_acc,non-executable demo payload template,CONTRACT_ONLY,READY_WITH_WARNINGS,True,,False,True,False,False,,False,field_template_metadata_only,False,True,False,False,False,False,False,True,False,False,False,True,,advanced_editor__mort_acc__technical_canonical_editor,advanced_editor__mort_acc,VALIDATION::ADVANCED_EDITOR__MORT_ACC__NORMALIZATION_HANDOFF__DEFER_TO_CELL_7_7__007
ADVANCED_EDITOR,mths_since_last_delinq,mths_since_last_delinq,advanced_editor__mths_since_last_delinq,non-executable demo payload template,CONTRACT_ONLY,READY_WITH_WARNINGS,True,,False,True,False,False,,False,field_template_metadata_only,False,True,False,False,False,False,False,True,False,False,False,True,,advanced_editor__mths_since_last_delinq__technical_canonical_editor,advanced_editor__mths_since_last_delinq,VALIDATION::ADVANCED_EDITOR__MTHS_SINCE_LAST_DELINQ__NORMALIZATION_HANDOFF__DEFER_TO_CELL_7_7__007
ADVANCED_EDITOR,mths_since_last_delinq_missing_flag,mths_since_last_delinq_missing_flag,advanced_editor__mths_since_last_delinq_missing_flag,non-executable demo payload template,CONTRACT_ONLY,READY_WITH_WARNINGS,True,,False,True,False,False,,False,field_template_metadata_only,False,True,False,False,False,False,False,True,False,False,False,True,,advanced_editor__mths_since_last_delinq_missing_flag__technical_canonical_editor,advanced_editor__mths_since_last_delinq_missing_flag,VALIDATION::ADVANCED_EDITOR__MTHS_SINCE_LAST_DELINQ_MISSING_FLAG__NORMALIZATION_HANDOFF__DEFER_TO_CELL_7_7__006
ADVANCED_EDITOR,num_actv_bc_tl,num_actv_bc_tl,advanced_editor__num_actv_bc_tl,non-executable demo payload template,CONTRACT_ONLY,READY_WITH_WARNINGS,True,,False,True,False,False,,False,field_template_metadata_only,False,True,False,False,False,False,False,True,False,False,False,True,,advanced_editor__num_actv_bc_tl__technical_canonical_editor,advanced_editor__num_actv_bc_tl,VALIDATION::ADVANCED_EDITOR__NUM_ACTV_BC_TL__NORMALIZATION_HANDOFF__DEFER_TO_CELL_7_7__007
ADVANCED_EDITOR,open_acc,open_acc,advanced_editor__open_acc,non-executable demo payload template,CONTRACT_ONLY,READY_WITH_WARNINGS,True,,False,True,False,False,,False,field_template_metadata_only,False,True,False,False,False,False,False,True,False,False,False,True,,advanced_editor__open_acc__technical_canonical_editor,advanced_editor__open_acc,VALIDATION::ADVANCED_EDITOR__OPEN_ACC__NORMALIZATION_HANDOFF__DEFER_TO_CELL_7_7__007
ADVANCED_EDITOR,payment_to_income,payment_to_income,advanced_editor__payment_to_income,non-executable demo payload template,CONTRACT_ONLY,READY_WITH_WARNINGS,True,,False,True,False,False,,False,field_template_metadata_only,False,True,False,False,False,False,False,True,False,False,False,True,,advanced_editor__payment_to_income__technical_canonical_editor,advanced_editor__payment_to_income,VALIDATION::ADVANCED_EDITOR__PAYMENT_TO_INCOME__NORMALIZATION_HANDOFF__DEFER_TO_CELL_7_7__006
ADVANCED_EDITOR,pct_tl_nvr_dlq,pct_tl_nvr_dlq,advanced_editor__pct_tl_nvr_dlq,non-executable demo payload template,CONTRACT_ONLY,READY_WITH_WARNINGS,True,,False,True,False,False,,False,field_template_metadata_only,False,True,False,False,False,False,False,True,False,False,False,True,,advanced_editor__pct_tl_nvr_dlq__technical_canonical_editor,advanced_editor__pct_tl_nvr_dlq,VALIDATION::ADVANCED_EDITOR__PCT_TL_NVR_DLQ__NORMALIZATION_HANDOFF__DEFER_TO_CELL_7_7__006
ADVANCED_EDITOR,pub_rec,pub_rec,advanced_editor__pub_rec,non-executable demo payload template,CONTRACT_ONLY,READY_WITH_WARNINGS,True,,False,True,False,False,,False,field_template_metadata_only,False,True,False,False,False,False,False,True,False,False,False,True,,advanced_editor__pub_rec__technical_canonical_editor,advanced_editor__pub_rec,VALIDATION::ADVANCED_EDITOR__PUB_REC__NORMALIZATION_HANDOFF__DEFER_TO_CELL_7_7__006
ADVANCED_EDITOR,pub_rec_bankruptcies,pub_rec_bankruptcies,advanced_editor__pub_rec_bankruptcies,non-executable demo payload template,CONTRACT_ONLY,READY_WITH_WARNINGS,True,,False,True,False,False,,False,field_template_metadata_only,False,True,False,False,False,False,False,True,False,False,False,True,,advanced_editor__pub_rec_bankruptcies__technical_canonical_editor,advanced_editor__pub_rec_bankruptcies,VALIDATION::ADVANCED_EDITOR__PUB_REC_BANKRUPTCIES__NORMALIZATION_HANDOFF__DEFER_TO_CELL_7_7__006
ADVANCED_EDITOR,pub_rec_flag,pub_rec_flag,advanced_editor__pub_rec_flag,non-executable demo payload template,CONTRACT_ONLY,READY_WITH_WARNINGS,True,,False,True,False,False,,False,field_template_metadata_only,False,True,False,False,False,False,False,True,False,False,False,True,,advanced_editor__pub_rec_flag__technical_canonical_editor,advanced_editor__pub_rec_flag,VALIDATION::ADVANCED_EDITOR__PUB_REC_FLAG__NORMALIZATION_HANDOFF__DEFER_TO_CELL_7_7__006
ADVANCED_EDITOR,purpose,purpose,advanced_editor__purpose,non-executable demo payload template,CONTRACT_ONLY,READY_WITH_WARNINGS,True,,False,True,False,False,,False,field_template_metadata_only,False,True,False,False,False,False,False,True,False,False,False,True,,advanced_editor__purpose__technical_canonical_editor,advanced_editor__purpose,VALIDATION::ADVANCED_EDITOR__PURPOSE__NORMALIZATION_HANDOFF__DEFER_TO_CELL_7_7__006
ADVANCED_EDITOR,revol_bal,revol_bal,advanced_editor__revol_bal,non-executable demo payload template,CONTRACT_ONLY,READY_WITH_WARNINGS,True,,False,True,False,False,,False,field_template_metadata_only,False,True,False,False,False,False,False,True,False,False,False,True,,advanced_editor__revol_bal__technical_canonical_editor,advanced_editor__revol_bal,VALIDATION::ADVANCED_EDITOR__REVOL_BAL__NORMALIZATION_HANDOFF__DEFER_TO_CELL_7_7__006
ADVANCED_EDITOR,revol_util,revol_util,advanced_editor__revol_util,non-executable demo payload template,CONTRACT_ONLY,READY_WITH_WARNINGS,True,,False,True,False,False,,False,field_template_metadata_only,False,True,False,False,False,False,False,True,False,False,False,True,,advanced_editor__revol_util__technical_canonical_editor,advanced_editor__revol_util,VALIDATION::ADVANCED_EDITOR__REVOL_UTIL__NORMALIZATION_HANDOFF__DEFER_TO_CELL_7_7__007
ADVANCED_EDITOR,term_months,term_months,advanced_editor__term_months,non-executable demo payload template,CONTRACT_ONLY,READY_WITH_WARNINGS,True,,False,True,False,False,,False,field_template_metadata_only,False,True,False,False,False,False,False,True,False,False,False,True,,advanced_editor__term_months__technical_canonical_editor,advanced_editor__term_months,VALIDATION::ADVANCED_EDITOR__TERM_MONTHS__NORMALIZATION_HANDOFF__DEFER_TO_CELL_7_7__007
ADVANCED_EDITOR,tot_cur_bal,tot_cur_bal,advanced_editor__tot_cur_bal,non-executable demo payload template,CONTRACT_ONLY,READY_WITH_WARNINGS,True,,False,True,False,False,,False,field_template_metadata_only,False,True,False,False,False,False,False,True,False,False,False,True,,advanced_editor__tot_cur_bal__technical_canonical_editor,advanced_editor__tot_cur_bal,VALIDATION::ADVANCED_EDITOR__TOT_CUR_BAL__NORMALIZATION_HANDOFF__DEFER_TO_CELL_7_7__006
ADVANCED_EDITOR,total_acc,total_acc,advanced_editor__total_acc,non-executable demo payload template,CONTRACT_ONLY,READY_WITH_WARNINGS,True,,False,True,False,False,,False,field_template_metadata_only,False,True,False,False,False,False,False,True,False,False,False,True,,advanced_editor__total_acc__technical_canonical_editor,advanced_editor__total_acc,VALIDATION::ADVANCED_EDITOR__TOTAL_ACC__NORMALIZATION_HANDOFF__DEFER_TO_CELL_7_7__007
ADVANCED_EDITOR,total_rev_hi_lim,total_rev_hi_lim,advanced_editor__total_rev_hi_lim,non-executable demo payload template,CONTRACT_ONLY,READY_WITH_WARNINGS,True,,False,True,False,False,,False,field_template_metadata_only,False,True,False,False,False,False,False,True,False,False,False,True,,advanced_editor__total_rev_hi_lim__technical_canonical_editor,advanced_editor__total_rev_hi_lim,VALIDATION::ADVANCED_EDITOR__TOTAL_REV_HI_LIM__NORMALIZATION_HANDOFF__DEFER_TO_CELL_7_7__006
ADVANCED_EDITOR,util_to_fico_ratio,util_to_fico_ratio,advanced_editor__util_to_fico_ratio,non-executable demo payload template,CONTRACT_ONLY,READY_WITH_WARNINGS,True,,False,True,False,False,,False,field_template_metadata_only,False,True,False,False,False,False,False,True,False,False,False,True,,advanced_editor__util_to_fico_ratio__technical_canonical_editor,advanced_editor__util_to_fico_ratio,VALIDATION::ADVANCED_EDITOR__UTIL_TO_FICO_RATIO__NORMALIZATION_HANDOFF__DEFER_TO_CELL_7_7__007
ADVANCED_EDITOR,verification_encoded,verification_encoded,advanced_editor__verification_encoded,non-executable demo payload template,CONTRACT_ONLY,READY_WITH_WARNINGS,True,,False,True,False,False,,False,field_template_metadata_only,False,True,False,False,False,False,False,True,False,False,False,True,,advanced_editor__verification_encoded__technical_canonical_editor,advanced_editor__verification_encoded,VALIDATION::ADVANCED_EDITOR__VERIFICATION_ENCODED__NORMALIZATION_HANDOFF__DEFER_TO_CELL_7_7__006
CANONICAL_PAYLOAD,acc_open_past_24mths,acc_open_past_24mths,canonical_payload__acc_open_past_24mths,non-executable demo payload template,CONTRACT_ONLY,READY_WITH_WARNINGS,True,,False,True,False,False,,False,field_template_metadata_only,False,False,False,False,False,False,False,True,True,False,False,True,,canonical_payload__acc_open_past_24mths__canonical_payload,canonical_payload__acc_open_past_24mths,VALIDATION::CANONICAL_PAYLOAD__ACC_OPEN_PAST_24MTHS__NORMALIZATION_HANDOFF__DEFER_TO_CELL_7_7__006
CANONICAL_PAYLOAD,bankruptcy_flag,bankruptcy_flag,canonical_payload__bankruptcy_flag,non-executable demo payload template,CONTRACT_ONLY,READY_WITH_WARNINGS,True,,False,True,False,False,,False,field_template_metadata_only,False,False,False,False,False,False,False,True,True,False,False,True,,canonical_payload__bankruptcy_flag__canonical_payload,canonical_payload__bankruptcy_flag,VALIDATION::CANONICAL_PAYLOAD__BANKRUPTCY_FLAG__NORMALIZATION_HANDOFF__DEFER_TO_CELL_7_7__006
CANONICAL_PAYLOAD,bc_open_to_buy,bc_open_to_buy,canonical_payload__bc_open_to_buy,non-executable demo payload template,CONTRACT_ONLY,READY_WITH_WARNINGS,True,,False,True,False,False,,False,field_template_metadata_only,False,False,False,False,False,False,False,True,True,False,False,True,,canonical_payload__bc_open_to_buy__canonical_payload,canonical_payload__bc_open_to_buy,VALIDATION::CANONICAL_PAYLOAD__BC_OPEN_TO_BUY__NORMALIZATION_HANDOFF__DEFER_TO_CELL_7_7__006
CANONICAL_PAYLOAD,bc_open_to_buy_missing_flag,bc_open_to_buy_missing_flag,canonical_payload__bc_open_to_buy_missing_flag,non-executable demo payload template,CONTRACT_ONLY,READY_WITH_WARNINGS,True,,False,True,False,False,,False,field_template_metadata_only,False,False,False,False,False,False,False,True,True,False,False,True,,canonical_payload__bc_open_to_buy_missing_flag__canonical_payload,canonical_payload__bc_open_to_buy_missing_flag,VALIDATION::CANONICAL_PAYLOAD__BC_OPEN_TO_BUY_MISSING_FLAG__NORMALIZATION_HANDOFF__DEFER_TO_CELL_7_7__006
CANONICAL_PAYLOAD,bc_util,bc_util,canonical_payload__bc_util,non-executable demo payload template,CONTRACT_ONLY,READY_WITH_WARNINGS,True,,False,True,False,False,,False,field_template_metadata_only,False,False,False,False,False,False,False,True,True,False,False,True,,canonical_payload__bc_util__canonical_payload,canonical_payload__bc_util,VALIDATION::CANONICAL_PAYLOAD__BC_UTIL__NORMALIZATION_HANDOFF__DEFER_TO_CELL_7_7__006
CANONICAL_PAYLOAD,bc_util_missing_flag,bc_util_missing_flag,canonical_payload__bc_util_missing_flag,non-executable demo payload template,CONTRACT_ONLY,READY_WITH_WARNINGS,True,,False,True,False,False,,False,field_template_metadata_only,False,False,False,False,False,False,False,True,True,False,False,True,,canonical_payload__bc_util_missing_flag__canonical_payload,canonical_payload__bc_util_missing_flag,VALIDATION::CANONICAL_PAYLOAD__BC_UTIL_MISSING_FLAG__NORMALIZATION_HANDOFF__DEFER_TO_CELL_7_7__006
CANONICAL_PAYLOAD,credit_age_months,credit_age_months,canonical_payload__credit_age_months,non-executable demo payload template,CONTRACT_ONLY,READY_WITH_WARNINGS,True,,False,True,False,False,,False,field_template_metadata_only,False,False,False,False,False,False,False,True,True,True,True,True,credit_age_months is limitation-aware and is retained only for contract planning. It is not an applicant-entered Basic Form field and does not authorize runtime scoring.,canonical_payload__credit_age_months__limitation_aware_mapping,canonical_payload__credit_age_months,VALIDATION::CANONICAL_PAYLOAD__CREDIT_AGE_MONTHS__NORMALIZATION_HANDOFF__DEFER_TO_CELL_7_7__007
CANONICAL_PAYLOAD,debt_to_income_revol,debt_to_income_revol,canonical_payload__debt_to_income_revol,non-executable demo payload template,CONTRACT_ONLY,READY_WITH_WARNINGS,True,,False,True,False,False,,False,field_template_metadata_only,False,False,False,False,False,False,False,True,True,False,False,True,,canonical_payload__debt_to_income_revol__canonical_payload,canonical_payload__debt_to_income_revol,VALIDATION::CANONICAL_PAYLOAD__DEBT_TO_INCOME_REVOL__NORMALIZATION_HANDOFF__DEFER_TO_CELL_7_7__006
CANONICAL_PAYLOAD,delinq_2yrs,delinq_2yrs,canonical_payload__delinq_2yrs,non-executable demo payload template,CONTRACT_ONLY,READY_WITH_WARNINGS,True,,False,True,False,False,,False,field_template_metadata_only,False,False,False,False,False,False,False,True,True,False,False,True,,canonical_payload__delinq_2yrs__canonical_payload,canonical_payload__delinq_2yrs,VALIDATION::CANONICAL_PAYLOAD__DELINQ_2YRS__NORMALIZATION_HANDOFF__DEFER_TO_CELL_7_7__006
CANONICAL_PAYLOAD,delinq_flag,delinq_flag,canonical_payload__delinq_flag,non-executable demo payload template,CONTRACT_ONLY,READY_WITH_WARNINGS,True,,False,True,False,False,,False,field_template_metadata_only,False,False,False,False,False,False,False,True,True,False,False,True,,canonical_payload__delinq_flag__canonical_payload,canonical_payload__delinq_flag,VALIDATION::CANONICAL_PAYLOAD__DELINQ_FLAG__NORMALIZATION_HANDOFF__DEFER_TO_CELL_7_7__006
CANONICAL_PAYLOAD,dti,dti,canonical_payload__dti,non-executable demo payload template,CONTRACT_ONLY,READY_WITH_WARNINGS,True,,False,True,False,False,,False,field_template_metadata_only,False,False,False,False,False,False,False,True,True,False,False,True,,canonical_payload__dti__canonical_payload,canonical_payload__dti,VALIDATION::CANONICAL_PAYLOAD__DTI__NORMALIZATION_HANDOFF__DEFER_TO_CELL_7_7__006
CANONICAL_PAYLOAD,fico_avg,fico_avg,canonical_payload__fico_avg,non-executable demo payload template,CONTRACT_ONLY,READY_WITH_WARNINGS,True,,False,True,False,False,,False,field_template_metadata_only,False,False,False,False,False,False,False,True,True,False,False,True,,canonical_payload__fico_avg__canonical_payload,canonical_payload__fico_avg,VALIDATION::CANONICAL_PAYLOAD__FICO_AVG__NORMALIZATION_HANDOFF__DEFER_TO_CELL_7_7__006
CANONICAL_PAYLOAD,grade_encoded,grade_encoded,canonical_payload__grade_encoded,non-executable demo payload template,CONTRACT_ONLY,READY_WITH_WARNINGS,True,,False,True,False,False,,False,field_template_metadata_only,False,False,False,False,False,False,False,True,True,True,True,True,grade_encoded is limitation-aware and is retained only for contract planning. It is not an applicant-entered Basic Form field and does not authorize runtime scoring.,canonical_payload__grade_encoded__limitation_aware_mapping,canonical_payload__grade_encoded,VALIDATION::CANONICAL_PAYLOAD__GRADE_ENCODED__NORMALIZATION_HANDOFF__DEFER_TO_CELL_7_7__007
CANONICAL_PAYLOAD,high_revol_util_flag,high_revol_util_flag,canonical_payload__high_revol_util_flag,non-executable demo payload template,CONTRACT_ONLY,READY_WITH_WARNINGS,True,,False,True,False,False,,False,field_template_metadata_only,False,False,False,False,False,False,False,True,True,False,False,True,,canonical_payload__high_revol_util_flag__canonical_payload,canonical_payload__high_revol_util_flag,VALIDATION::CANONICAL_PAYLOAD__HIGH_REVOL_UTIL_FLAG__NORMALIZATION_HANDOFF__DEFER_TO_CELL_7_7__006
CANONICAL_PAYLOAD,home_ownership_encoded,home_ownership_encoded,canonical_payload__home_ownership_encoded,non-executable demo payload template,CONTRACT_ONLY,READY_WITH_WARNINGS,True,,False,True,False,False,,False,field_template_metadata_only,False,False,False,False,False,False,False,True,True,False,False,True,,canonical_payload__home_ownership_encoded__canonical_payload,canonical_payload__home_ownership_encoded,VALIDATION::CANONICAL_PAYLOAD__HOME_OWNERSHIP_ENCODED__NORMALIZATION_HANDOFF__DEFER_TO_CELL_7_7__006
CANONICAL_PAYLOAD,inq_last_6mths,inq_last_6mths,canonical_payload__inq_last_6mths,non-executable demo payload template,CONTRACT_ONLY,READY_WITH_WARNINGS,True,,False,True,False,False,,False,field_template_metadata_only,False,False,False,False,False,False,False,True,True,False,False,True,,canonical_payload__inq_last_6mths__canonical_payload,canonical_payload__inq_last_6mths,VALIDATION::CANONICAL_PAYLOAD__INQ_LAST_6MTHS__NORMALIZATION_HANDOFF__DEFER_TO_CELL_7_7__006
CANONICAL_PAYLOAD,inq_per_open_acc,inq_per_open_acc,canonical_payload__inq_per_open_acc,non-executable demo payload template,CONTRACT_ONLY,READY_WITH_WARNINGS,True,,False,True,False,False,,False,field_template_metadata_only,False,False,False,False,False,False,False,True,True,False,False,True,,canonical_payload__inq_per_open_acc__canonical_payload,canonical_payload__inq_per_open_acc,VALIDATION::CANONICAL_PAYLOAD__INQ_PER_OPEN_ACC__NORMALIZATION_HANDOFF__DEFER_TO_CELL_7_7__006
CANONICAL_PAYLOAD,installment,installment,canonical_payload__installment,non-executable demo payload template,CONTRACT_ONLY,READY_WITH_WARNINGS,True,,False,True,False,False,,False,field_template_metadata_only,False,False,False,False,False,False,False,True,True,False,False,True,,canonical_payload__installment__canonical_payload,canonical_payload__installment,VALIDATION::CANONICAL_PAYLOAD__INSTALLMENT__NORMALIZATION_HANDOFF__DEFER_TO_CELL_7_7__006
CANONICAL_PAYLOAD,is_60_month,is_60_month,canonical_payload__is_60_month,non-executable demo payload template,CONTRACT_ONLY,READY_WITH_WARNINGS,True,,False,True,False,False,,False,field_template_metadata_only,False,False,False,False,False,False,False,True,True,False,False,True,,canonical_payload__is_60_month__canonical_payload,canonical_payload__is_60_month,VALIDATION::CANONICAL_PAYLOAD__IS_60_MONTH__NORMALIZATION_HANDOFF__DEFER_TO_CELL_7_7__006
CANONICAL_PAYLOAD,loan_amnt,loan_amnt,canonical_payload__loan_amnt,non-executable demo payload template,CONTRACT_ONLY,READY_WITH_WARNINGS,True,,False,True,False,False,,False,field_template_metadata_only,False,False,False,False,False,False,False,True,True,False,False,True,,canonical_payload__loan_amnt__canonical_payload,canonical_payload__loan_amnt,VALIDATION::CANONICAL_PAYLOAD__LOAN_AMNT__NORMALIZATION_HANDOFF__DEFER_TO_CELL_7_7__006
CANONICAL_PAYLOAD,loan_to_income,loan_to_income,canonical_payload__loan_to_income,non-executable demo payload template,CONTRACT_ONLY,READY_WITH_WARNINGS,True,,False,True,False,False,,False,field_template_metadata_only,False,False,False,False,False,False,False,True,True,False,False,True,,canonical_payload__loan_to_income__canonical_payload,canonical_payload__loan_to_income,VALIDATION::CANONICAL_PAYLOAD__LOAN_TO_INCOME__NORMALIZATION_HANDOFF__DEFER_TO_CELL_7_7__006
CANONICAL_PAYLOAD,log_annual_inc,log_annual_inc,canonical_payload__log_annual_inc,non-executable demo payload template,CONTRACT_ONLY,READY_WITH_WARNINGS,True,,False,True,False,False,,False,field_template_metadata_only,False,False,False,False,False,False,False,True,True,False,False,True,,canonical_payload__log_annual_inc__canonical_payload,canonical_payload__log_annual_inc,VALIDATION::CANONICAL_PAYLOAD__LOG_ANNUAL_INC__NORMALIZATION_HANDOFF__DEFER_TO_CELL_7_7__006
CANONICAL_PAYLOAD,log_loan_amnt,log_loan_amnt,canonical_payload__log_loan_amnt,non-executable demo payload template,CONTRACT_ONLY,READY_WITH_WARNINGS,True,,False,True,False,False,,False,field_template_metadata_only,False,False,False,False,False,False,False,True,True,False,False,True,,canonical_payload__log_loan_amnt__canonical_payload,canonical_payload__log_loan_amnt,VALIDATION::CANONICAL_PAYLOAD__LOG_LOAN_AMNT__NORMALIZATION_HANDOFF__DEFER_TO_CELL_7_7__006
CANONICAL_PAYLOAD,log_revol_bal,log_revol_bal,canonical_payload__log_revol_bal,non-executable demo payload template,CONTRACT_ONLY,READY_WITH_WARNINGS,True,,False,True,False,False,,False,field_template_metadata_only,False,False,False,False,False,False,False,True,True,False,False,True,,canonical_payload__log_revol_bal__canonical_payload,canonical_payload__log_revol_bal,VALIDATION::CANONICAL_PAYLOAD__LOG_REVOL_BAL__NORMALIZATION_HANDOFF__DEFER_TO_CELL_7_7__006
CANONICAL_PAYLOAD,log_tot_cur_bal,log_tot_cur_bal,canonical_payload__log_tot_cur_bal,non-executable demo payload template,CONTRACT_ONLY,READY_WITH_WARNINGS,True,,False,True,False,False,,False,field_template_metadata_only,False,False,False,False,False,False,False,True,True,False,False,True,,canonical_payload__log_tot_cur_bal__canonical_payload,canonical_payload__log_tot_cur_bal,VALIDATION::CANONICAL_PAYLOAD__LOG_TOT_CUR_BAL__NORMALIZATION_HANDOFF__DEFER_TO_CELL_7_7__006
CANONICAL_PAYLOAD,log_total_rev_hi_lim,log_total_rev_hi_lim,canonical_payload__log_total_rev_hi_lim,non-executable demo payload template,CONTRACT_ONLY,READY_WITH_WARNINGS,True,,False,True,False,False,,False,field_template_metadata_only,False,False,False,False,False,False,False,True,True,False,False,True,,canonical_payload__log_total_rev_hi_lim__canonical_payload,canonical_payload__log_total_rev_hi_lim,VALIDATION::CANONICAL_PAYLOAD__LOG_TOTAL_REV_HI_LIM__NORMALIZATION_HANDOFF__DEFER_TO_CELL_7_7__006
CANONICAL_PAYLOAD,mo_sin_old_rev_tl_op,mo_sin_old_rev_tl_op,canonical_payload__mo_sin_old_rev_tl_op,non-executable demo payload template,CONTRACT_ONLY,READY_WITH_WARNINGS,True,,False,True,False,False,,False,field_template_metadata_only,False,False,False,False,False,False,False,True,True,False,False,True,,canonical_payload__mo_sin_old_rev_tl_op__canonical_payload,canonical_payload__mo_sin_old_rev_tl_op,VALIDATION::CANONICAL_PAYLOAD__MO_SIN_OLD_REV_TL_OP__NORMALIZATION_HANDOFF__DEFER_TO_CELL_7_7__006
CANONICAL_PAYLOAD,mo_sin_old_rev_tl_op_missing_flag,mo_sin_old_rev_tl_op_missing_flag,canonical_payload__mo_sin_old_rev_tl_op_missing_flag,non-executable demo payload template,CONTRACT_ONLY,READY_WITH_WARNINGS,True,,False,True,False,False,,False,field_template_metadata_only,False,False,False,False,False,False,False,True,True,False,False,True,,canonical_payload__mo_sin_old_rev_tl_op_missing_flag__canonical_payload,canonical_payload__mo_sin_old_rev_tl_op_missing_flag,VALIDATION::CANONICAL_PAYLOAD__MO_SIN_OLD_REV_TL_OP_MISSING_FLAG__NORMALIZATION_HANDOFF__DEFER_TO_CELL_7_7__006
CANONICAL_PAYLOAD,mo_sin_rcnt_rev_tl_op,mo_sin_rcnt_rev_tl_op,canonical_payload__mo_sin_rcnt_rev_tl_op,non-executable demo payload template,CONTRACT_ONLY,READY_WITH_WARNINGS,True,,False,True,False,False,,False,field_template_metadata_only,False,False,False,False,False,False,False,True,True,False,False,True,,canonical_payload__mo_sin_rcnt_rev_tl_op__canonical_payload,canonical_payload__mo_sin_rcnt_rev_tl_op,VALIDATION::CANONICAL_PAYLOAD__MO_SIN_RCNT_REV_TL_OP__NORMALIZATION_HANDOFF__DEFER_TO_CELL_7_7__006
CANONICAL_PAYLOAD,mo_sin_rcnt_rev_tl_op_missing_flag,mo_sin_rcnt_rev_tl_op_missing_flag,canonical_payload__mo_sin_rcnt_rev_tl_op_missing_flag,non-executable demo payload template,CONTRACT_ONLY,READY_WITH_WARNINGS,True,,False,True,False,False,,False,field_template_metadata_only,False,False,False,False,False,False,False,True,True,False,False,True,,canonical_payload__mo_sin_rcnt_rev_tl_op_missing_flag__canonical_payload,canonical_payload__mo_sin_rcnt_rev_tl_op_missing_flag,VALIDATION::CANONICAL_PAYLOAD__MO_SIN_RCNT_REV_TL_OP_MISSING_FLAG__NORMALIZATION_HANDOFF__DEFER_TO_CELL_7_7__006
CANONICAL_PAYLOAD,mort_acc,mort_acc,canonical_payload__mort_acc,non-executable demo payload template,CONTRACT_ONLY,READY_WITH_WARNINGS,True,,False,True,False,False,,False,field_template_metadata_only,False,False,False,False,False,False,False,True,True,False,False,True,,canonical_payload__mort_acc__canonical_payload,canonical_payload__mort_acc,VALIDATION::CANONICAL_PAYLOAD__MORT_ACC__NORMALIZATION_HANDOFF__DEFER_TO_CELL_7_7__006
CANONICAL_PAYLOAD,mths_since_last_delinq,mths_since_last_delinq,canonical_payload__mths_since_last_delinq,non-executable demo payload template,CONTRACT_ONLY,READY_WITH_WARNINGS,True,,False,True,False,False,,False,field_template_metadata_only,False,False,False,False,False,False,False,True,True,False,False,True,,canonical_payload__mths_since_last_delinq__canonical_payload,canonical_payload__mths_since_last_delinq,VALIDATION::CANONICAL_PAYLOAD__MTHS_SINCE_LAST_DELINQ__NORMALIZATION_HANDOFF__DEFER_TO_CELL_7_7__006
CANONICAL_PAYLOAD,mths_since_last_delinq_missing_flag,mths_since_last_delinq_missing_flag,canonical_payload__mths_since_last_delinq_missing_flag,non-executable demo payload template,CONTRACT_ONLY,READY_WITH_WARNINGS,True,,False,True,False,False,,False,field_template_metadata_only,False,False,False,False,False,False,False,True,True,False,False,True,,canonical_payload__mths_since_last_delinq_missing_flag__canonical_payload,canonical_payload__mths_since_last_delinq_missing_flag,VALIDATION::CANONICAL_PAYLOAD__MTHS_SINCE_LAST_DELINQ_MISSING_FLAG__NORMALIZATION_HANDOFF__DEFER_TO_CELL_7_7__006
CANONICAL_PAYLOAD,num_actv_bc_tl,num_actv_bc_tl,canonical_payload__num_actv_bc_tl,non-executable demo payload template,CONTRACT_ONLY,READY_WITH_WARNINGS,True,,False,True,False,False,,False,field_template_metadata_only,False,False,False,False,False,False,False,True,True,False,False,True,,canonical_payload__num_actv_bc_tl__canonical_payload,canonical_payload__num_actv_bc_tl,VALIDATION::CANONICAL_PAYLOAD__NUM_ACTV_BC_TL__NORMALIZATION_HANDOFF__DEFER_TO_CELL_7_7__006
CANONICAL_PAYLOAD,open_acc,open_acc,canonical_payload__open_acc,non-executable demo payload template,CONTRACT_ONLY,READY_WITH_WARNINGS,True,,False,True,False,False,,False,field_template_metadata_only,False,False,False,False,False,False,False,True,True,False,False,True,,canonical_payload__open_acc__canonical_payload,canonical_payload__open_acc,VALIDATION::CANONICAL_PAYLOAD__OPEN_ACC__NORMALIZATION_HANDOFF__DEFER_TO_CELL_7_7__006
CANONICAL_PAYLOAD,payment_to_income,payment_to_income,canonical_payload__payment_to_income,non-executable demo payload template,CONTRACT_ONLY,READY_WITH_WARNINGS,True,,False,True,False,False,,False,field_template_metadata_only,False,False,False,False,False,False,False,True,True,False,False,True,,canonical_payload__payment_to_income__canonical_payload,canonical_payload__payment_to_income,VALIDATION::CANONICAL_PAYLOAD__PAYMENT_TO_INCOME__NORMALIZATION_HANDOFF__DEFER_TO_CELL_7_7__006
CANONICAL_PAYLOAD,pct_tl_nvr_dlq,pct_tl_nvr_dlq,canonical_payload__pct_tl_nvr_dlq,non-executable demo payload template,CONTRACT_ONLY,READY_WITH_WARNINGS,True,,False,True,False,False,,False,field_template_metadata_only,False,False,False,False,False,False,False,True,True,False,False,True,,canonical_payload__pct_tl_nvr_dlq__canonical_payload,canonical_payload__pct_tl_nvr_dlq,VALIDATION::CANONICAL_PAYLOAD__PCT_TL_NVR_DLQ__NORMALIZATION_HANDOFF__DEFER_TO_CELL_7_7__006
CANONICAL_PAYLOAD,pub_rec,pub_rec,canonical_payload__pub_rec,non-executable demo payload template,CONTRACT_ONLY,READY_WITH_WARNINGS,True,,False,True,False,False,,False,field_template_metadata_only,False,False,False,False,False,False,False,True,True,False,False,True,,canonical_payload__pub_rec__canonical_payload,canonical_payload__pub_rec,VALIDATION::CANONICAL_PAYLOAD__PUB_REC__NORMALIZATION_HANDOFF__DEFER_TO_CELL_7_7__006
CANONICAL_PAYLOAD,pub_rec_bankruptcies,pub_rec_bankruptcies,canonical_payload__pub_rec_bankruptcies,non-executable demo payload template,CONTRACT_ONLY,READY_WITH_WARNINGS,True,,False,True,False,False,,False,field_template_metadata_only,False,False,False,False,False,False,False,True,True,False,False,True,,canonical_payload__pub_rec_bankruptcies__canonical_payload,canonical_payload__pub_rec_bankruptcies,VALIDATION::CANONICAL_PAYLOAD__PUB_REC_BANKRUPTCIES__NORMALIZATION_HANDOFF__DEFER_TO_CELL_7_7__006
CANONICAL_PAYLOAD,pub_rec_flag,pub_rec_flag,canonical_payload__pub_rec_flag,non-executable demo payload template,CONTRACT_ONLY,READY_WITH_WARNINGS,True,,False,True,False,False,,False,field_template_metadata_only,False,False,False,False,False,False,False,True,True,False,False,True,,canonical_payload__pub_rec_flag__canonical_payload,canonical_payload__pub_rec_flag,VALIDATION::CANONICAL_PAYLOAD__PUB_REC_FLAG__NORMALIZATION_HANDOFF__DEFER_TO_CELL_7_7__006
CANONICAL_PAYLOAD,purpose,purpose,canonical_payload__purpose,non-executable demo payload template,CONTRACT_ONLY,READY_WITH_WARNINGS,True,,False,True,False,False,,False,field_template_metadata_only,False,False,False,False,False,False,False,True,True,False,False,True,,canonical_payload__purpose__canonical_payload,canonical_payload__purpose,VALIDATION::CANONICAL_PAYLOAD__PURPOSE__NORMALIZATION_HANDOFF__DEFER_TO_CELL_7_7__006
CANONICAL_PAYLOAD,revol_bal,revol_bal,canonical_payload__revol_bal,non-executable demo payload template,CONTRACT_ONLY,READY_WITH_WARNINGS,True,,False,True,False,False,,False,field_template_metadata_only,False,False,False,False,False,False,False,True,True,False,False,True,,canonical_payload__revol_bal__canonical_payload,canonical_payload__revol_bal,VALIDATION::CANONICAL_PAYLOAD__REVOL_BAL__NORMALIZATION_HANDOFF__DEFER_TO_CELL_7_7__006
CANONICAL_PAYLOAD,revol_util,revol_util,canonical_payload__revol_util,non-executable demo payload template,CONTRACT_ONLY,READY_WITH_WARNINGS,True,,False,True,False,False,,False,field_template_metadata_only,False,False,False,False,False,False,False,True,True,False,False,True,,canonical_payload__revol_util__canonical_payload,canonical_payload__revol_util,VALIDATION::CANONICAL_PAYLOAD__REVOL_UTIL__NORMALIZATION_HANDOFF__DEFER_TO_CELL_7_7__006
CANONICAL_PAYLOAD,term_months,term_months,canonical_payload__term_months,non-executable demo payload template,CONTRACT_ONLY,READY_WITH_WARNINGS,True,,False,True,False,False,,False,field_template_metadata_only,False,False,False,False,False,False,False,True,True,False,False,True,,canonical_payload__term_months__canonical_payload,canonical_payload__term_months,VALIDATION::CANONICAL_PAYLOAD__TERM_MONTHS__NORMALIZATION_HANDOFF__DEFER_TO_CELL_7_7__006
CANONICAL_PAYLOAD,tot_cur_bal,tot_cur_bal,canonical_payload__tot_cur_bal,non-executable demo payload template,CONTRACT_ONLY,READY_WITH_WARNINGS,True,,False,True,False,False,,False,field_template_metadata_only,False,False,False,False,False,False,False,True,True,False,False,True,,canonical_payload__tot_cur_bal__canonical_payload,canonical_payload__tot_cur_bal,VALIDATION::CANONICAL_PAYLOAD__TOT_CUR_BAL__NORMALIZATION_HANDOFF__DEFER_TO_CELL_7_7__006
CANONICAL_PAYLOAD,total_acc,total_acc,canonical_payload__total_acc,non-executable demo payload template,CONTRACT_ONLY,READY_WITH_WARNINGS,True,,False,True,False,False,,False,field_template_metadata_only,False,False,False,False,False,False,False,True,True,False,False,True,,canonical_payload__total_acc__canonical_payload,canonical_payload__total_acc,VALIDATION::CANONICAL_PAYLOAD__TOTAL_ACC__NORMALIZATION_HANDOFF__DEFER_TO_CELL_7_7__006
CANONICAL_PAYLOAD,total_rev_hi_lim,total_rev_hi_lim,canonical_payload__total_rev_hi_lim,non-executable demo payload template,CONTRACT_ONLY,READY_WITH_WARNINGS,True,,False,True,False,False,,False,field_template_metadata_only,False,False,False,False,False,False,False,True,True,False,False,True,,canonical_payload__total_rev_hi_lim__canonical_payload,canonical_payload__total_rev_hi_lim,VALIDATION::CANONICAL_PAYLOAD__TOTAL_REV_HI_LIM__NORMALIZATION_HANDOFF__DEFER_TO_CELL_7_7__006
CANONICAL_PAYLOAD,util_to_fico_ratio,util_to_fico_ratio,canonical_payload__util_to_fico_ratio,non-executable demo payload template,CONTRACT_ONLY,READY_WITH_WARNINGS,True,,False,True,False,False,,False,field_template_metadata_only,False,False,False,False,False,False,False,True,True,False,False,True,,canonical_payload__util_to_fico_ratio__canonical_payload,canonical_payload__util_to_fico_ratio,VALIDATION::CANONICAL_PAYLOAD__UTIL_TO_FICO_RATIO__NORMALIZATION_HANDOFF__DEFER_TO_CELL_7_7__006
CANONICAL_PAYLOAD,verification_encoded,verification_encoded,canonical_payload__verification_encoded,non-executable demo payload template,CONTRACT_ONLY,READY_WITH_WARNINGS,True,,False,True,False,False,,False,field_template_metadata_only,False,False,False,False,False,False,False,True,True,False,False,True,,canonical_payload__verification_encoded__canonical_payload,canonical_payload__verification_encoded,VALIDATION::CANONICAL_PAYLOAD__VERIFICATION_ENCODED__NORMALIZATION_HANDOFF__DEFER_TO_CELL_7_7__006
