payload_mode,profile_id,limitation_field,limitation_field_norm,included_in_template,applicant_entered_input,disclosure_required,disclosure_complete,disclosure_status,disclosure_text
BASIC_FORM,,grade_encoded,grade_encoded,True,False,True,True,READY_WITH_WARNINGS,grade_encoded is limitation-aware. It is retained in contract-only templates with disclosure and is not a Basic Form applicant-entered input.
BASIC_FORM,,credit_age_months,credit_age_months,True,False,True,True,READY_WITH_WARNINGS,credit_age_months is limitation-aware. It is retained in contract-only templates with disclosure and is not a Basic Form applicant-entered input.
SAMPLE_PROFILE,,grade_encoded,grade_encoded,True,False,True,True,READY_WITH_WARNINGS,grade_encoded is limitation-aware. It is retained in contract-only templates with disclosure and is not a Basic Form applicant-entered input.
SAMPLE_PROFILE,,credit_age_months,credit_age_months,True,False,True,True,READY_WITH_WARNINGS,credit_age_months is limitation-aware. It is retained in contract-only templates with disclosure and is not a Basic Form applicant-entered input.
ADVANCED_EDITOR,,grade_encoded,grade_encoded,True,False,True,True,READY_WITH_WARNINGS,grade_encoded is limitation-aware. It is retained in contract-only templates with disclosure and is not a Basic Form applicant-entered input.
ADVANCED_EDITOR,,credit_age_months,credit_age_months,True,False,True,True,READY_WITH_WARNINGS,credit_age_months is limitation-aware. It is retained in contract-only templates with disclosure and is not a Basic Form applicant-entered input.
CANONICAL_PAYLOAD,,grade_encoded,grade_encoded,True,False,True,True,READY_WITH_WARNINGS,grade_encoded is limitation-aware. It is retained in contract-only templates with disclosure and is not a Basic Form applicant-entered input.
CANONICAL_PAYLOAD,,credit_age_months,credit_age_months,True,False,True,True,READY_WITH_WARNINGS,credit_age_months is limitation-aware. It is retained in contract-only templates with disclosure and is not a Basic Form applicant-entered input.
SAMPLE_PROFILE,SP_LOW_RISK_SIGNAL,grade_encoded,grade_encoded,True,False,True,True,READY_WITH_WARNINGS,grade_encoded is limitation-aware and appears in the synthetic profile map only as contract metadata with disclosure.
SAMPLE_PROFILE,SP_LOW_RISK_SIGNAL,credit_age_months,credit_age_months,True,False,True,True,READY_WITH_WARNINGS,credit_age_months is limitation-aware and appears in the synthetic profile map only as contract metadata with disclosure.
SAMPLE_PROFILE,SP_MEDIUM_RISK_SIGNAL,grade_encoded,grade_encoded,True,False,True,True,READY_WITH_WARNINGS,grade_encoded is limitation-aware and appears in the synthetic profile map only as contract metadata with disclosure.
SAMPLE_PROFILE,SP_MEDIUM_RISK_SIGNAL,credit_age_months,credit_age_months,True,False,True,True,READY_WITH_WARNINGS,credit_age_months is limitation-aware and appears in the synthetic profile map only as contract metadata with disclosure.
SAMPLE_PROFILE,SP_HIGHER_RISK_SIGNAL,grade_encoded,grade_encoded,True,False,True,True,READY_WITH_WARNINGS,grade_encoded is limitation-aware and appears in the synthetic profile map only as contract metadata with disclosure.
SAMPLE_PROFILE,SP_HIGHER_RISK_SIGNAL,credit_age_months,credit_age_months,True,False,True,True,READY_WITH_WARNINGS,credit_age_months is limitation-aware and appears in the synthetic profile map only as contract metadata with disclosure.
SAMPLE_PROFILE,SP_MIXED_SIGNAL,grade_encoded,grade_encoded,True,False,True,True,READY_WITH_WARNINGS,grade_encoded is limitation-aware and appears in the synthetic profile map only as contract metadata with disclosure.
SAMPLE_PROFILE,SP_MIXED_SIGNAL,credit_age_months,credit_age_months,True,False,True,True,READY_WITH_WARNINGS,credit_age_months is limitation-aware and appears in the synthetic profile map only as contract metadata with disclosure.
SAMPLE_PROFILE,SP_LIMITATION_TRANSPARENCY,grade_encoded,grade_encoded,True,False,True,True,READY_WITH_WARNINGS,grade_encoded is limitation-aware and appears in the synthetic profile map only as contract metadata with disclosure.
SAMPLE_PROFILE,SP_LIMITATION_TRANSPARENCY,credit_age_months,credit_age_months,True,False,True,True,READY_WITH_WARNINGS,credit_age_months is limitation-aware and appears in the synthetic profile map only as contract metadata with disclosure.
