artifact_id,artifact_category,source_object,file_format,relative_path,project_relative_path,absolute_path,required_export,source_kind,source_row_count,exported_row_count,file_size_bytes,sha256,path_under_export_root,export_status,readback_status,export_error,readback_error,exported_at_utc,readback_row_count,readback_file_size_bytes,readback_sha256,readback_readable,readback_row_count_matches,readback_file_size_matches,readback_checksum_matches,readback_path_consistent,readback_checked_at_utc
schema.canonical_demo_input_schema,schema,canonical_demo_input_schema_df,csv,cell_group_7/schema/canonical_demo_input_schema.csv,artifacts/contracts/cell_group_7/schema/canonical_demo_input_schema.csv,/home/wira/Documents/Project/credit-scoring/artifacts/contracts/cell_group_7/schema/canonical_demo_input_schema.csv,True,dataframe,153,153,39372,787f7ada4a6e96e68b2250dfc19e15cb9229d2b00fbe491c374e39ee6607470a,True,EXPORTED,READBACK_OK,,,2026-06-28T08:49:09.722739+00:00,153,39372,787f7ada4a6e96e68b2250dfc19e15cb9229d2b00fbe491c374e39ee6607470a,True,True,True,True,True,2026-06-28T09:13:05.745287+00:00
widgets.widget_contract,widgets,widget_contract_df,csv,cell_group_7/widgets/widget_contract.csv,artifacts/contracts/cell_group_7/widgets/widget_contract.csv,/home/wira/Documents/Project/credit-scoring/artifacts/contracts/cell_group_7/widgets/widget_contract.csv,True,dataframe,153,153,124269,ac2e71256e0924c24311ecc71a24472d26ba00585b7cca598cb6d5b8978b8c84,True,EXPORTED,READBACK_OK,,,2026-06-28T08:49:09.765210+00:00,153,124269,ac2e71256e0924c24311ecc71a24472d26ba00585b7cca598cb6d5b8978b8c84,True,True,True,True,True,2026-06-28T09:13:05.758738+00:00
validation.validation_contract,validation,validation_contract_df,csv,cell_group_7/validation/validation_contract.csv,artifacts/contracts/cell_group_7/validation/validation_contract.csv,/home/wira/Documents/Project/credit-scoring/artifacts/contracts/cell_group_7/validation/validation_contract.csv,True,dataframe,838,838,690348,010c26ad8392ce117cc9a5f139fd1b7c12f40a01876ca5e4b98b681d7b55f68f,True,EXPORTED,READBACK_OK,,,2026-06-28T08:49:09.812332+00:00,838,690348,010c26ad8392ce117cc9a5f139fd1b7c12f40a01876ca5e4b98b681d7b55f68f,True,True,True,True,True,2026-06-28T09:13:05.791624+00:00
mapping.normalization_mapping_contract,mapping,normalization_mapping_contract_df,csv,cell_group_7/mapping/normalization_mapping_contract.csv,artifacts/contracts/cell_group_7/mapping/normalization_mapping_contract.csv,/home/wira/Documents/Project/credit-scoring/artifacts/contracts/cell_group_7/mapping/normalization_mapping_contract.csv,True,dataframe,198,198,259201,c576d9a7e7e5564b0e1ff2e80d57c3968fa9eb8988f1c63b1a73cf614487a5dd,True,EXPORTED,READBACK_OK,,,2026-06-28T08:49:09.829952+00:00,198,259201,c576d9a7e7e5564b0e1ff2e80d57c3968fa9eb8988f1c63b1a73cf614487a5dd,True,True,True,True,True,2026-06-28T09:13:05.810608+00:00
mapping.payload_readiness_matrix,mapping,payload_readiness_matrix_df,csv,cell_group_7/mapping/payload_readiness_matrix.csv,artifacts/contracts/cell_group_7/mapping/payload_readiness_matrix.csv,/home/wira/Documents/Project/credit-scoring/artifacts/contracts/cell_group_7/mapping/payload_readiness_matrix.csv,True,dataframe,4,4,1183,a0df6857e665766a86f0a80367aeda182c427069668bb6a48d13af3c8095b87a,True,EXPORTED,READBACK_OK,,,2026-06-28T08:49:09.832943+00:00,4,1183,a0df6857e665766a86f0a80367aeda182c427069668bb6a48d13af3c8095b87a,True,True,True,True,True,2026-06-28T09:13:05.816599+00:00
sample_profiles.sample_profile_catalog,sample_profiles,sample_profile_catalog_df,csv,cell_group_7/sample_profiles/sample_profile_catalog.csv,artifacts/contracts/cell_group_7/sample_profiles/sample_profile_catalog.csv,/home/wira/Documents/Project/credit-scoring/artifacts/contracts/cell_group_7/sample_profiles/sample_profile_catalog.csv,True,dataframe,5,5,1493,3cd95aeb7e94bc6e7728cd33dba3e5d00bde24cf12978bc6f89c32e3e5d1cf71,True,EXPORTED,READBACK_OK,,,2026-06-28T08:49:09.838917+00:00,5,1493,3cd95aeb7e94bc6e7728cd33dba3e5d00bde24cf12978bc6f89c32e3e5d1cf71,True,True,True,True,True,2026-06-28T09:13:05.822599+00:00
sample_profiles.sample_profile_feature_matrix,sample_profiles,sample_profile_feature_matrix_df,csv,cell_group_7/sample_profiles/sample_profile_feature_matrix.csv,artifacts/contracts/cell_group_7/sample_profiles/sample_profile_feature_matrix.csv,/home/wira/Documents/Project/credit-scoring/artifacts/contracts/cell_group_7/sample_profiles/sample_profile_feature_matrix.csv,True,dataframe,245,245,89769,c16f1786900ae0ec7878aac2dbc87018c34de459ae9a36dfabf0a43ca92f1bd6,True,EXPORTED,READBACK_OK,,,2026-06-28T08:49:09.860281+00:00,245,89769,c16f1786900ae0ec7878aac2dbc87018c34de459ae9a36dfabf0a43ca92f1bd6,True,True,True,True,True,2026-06-28T09:13:05.840538+00:00
sample_profiles.sample_profile_feature_coverage,sample_profiles,sample_profile_feature_coverage_df,csv,cell_group_7/sample_profiles/sample_profile_feature_coverage.csv,artifacts/contracts/cell_group_7/sample_profiles/sample_profile_feature_coverage.csv,/home/wira/Documents/Project/credit-scoring/artifacts/contracts/cell_group_7/sample_profiles/sample_profile_feature_coverage.csv,True,dataframe,5,5,333,b6a6634b1184baf741949e64c14e0df7aa7cb3269a817e471c66da8774612ff0,True,EXPORTED,READBACK_OK,,,2026-06-28T08:49:09.866087+00:00,5,333,b6a6634b1184baf741949e64c14e0df7aa7cb3269a817e471c66da8774612ff0,True,True,True,True,True,2026-06-28T09:13:05.846798+00:00
sample_profiles.sample_profile_limitation_disclosure,sample_profiles,sample_profile_limitation_disclosure_df,csv,cell_group_7/sample_profiles/sample_profile_limitation_disclosure.csv,artifacts/contracts/cell_group_7/sample_profiles/sample_profile_limitation_disclosure.csv,/home/wira/Documents/Project/credit-scoring/artifacts/contracts/cell_group_7/sample_profiles/sample_profile_limitation_disclosure.csv,True,dataframe,10,10,2948,9b50687eb914584b8ad908d2decf619a722de3300f4253e8d78482c4711c90a1,True,EXPORTED,READBACK_OK,,,2026-06-28T08:49:09.871029+00:00,10,2948,9b50687eb914584b8ad908d2decf619a722de3300f4253e8d78482c4711c90a1,True,True,True,True,True,2026-06-28T09:13:05.852080+00:00
sample_profiles.sample_profile_payload_readiness,sample_profiles,sample_profile_payload_readiness_df,csv,cell_group_7/sample_profiles/sample_profile_payload_readiness.csv,artifacts/contracts/cell_group_7/sample_profiles/sample_profile_payload_readiness.csv,/home/wira/Documents/Project/credit-scoring/artifacts/contracts/cell_group_7/sample_profiles/sample_profile_payload_readiness.csv,True,dataframe,5,5,466,d93336b0377294a2fe351de41a6b3a44966a939c63e71c45a6d2881dfa72028d,True,EXPORTED,READBACK_OK,,,2026-06-28T08:49:09.873736+00:00,5,466,d93336b0377294a2fe351de41a6b3a44966a939c63e71c45a6d2881dfa72028d,True,True,True,True,True,2026-06-28T09:13:05.858542+00:00
payload.demo_payload_contract,payload,demo_payload_contract_df,csv,cell_group_7/payload/demo_payload_contract.csv,artifacts/contracts/cell_group_7/payload/demo_payload_contract.csv,/home/wira/Documents/Project/credit-scoring/artifacts/contracts/cell_group_7/payload/demo_payload_contract.csv,True,dataframe,4,4,1690,556c1b8e0f0c8de8576845507cc1f9082de49e1d412a2b01932b7a2e942987b1,True,EXPORTED,READBACK_OK,,,2026-06-28T08:49:09.876969+00:00,4,1690,556c1b8e0f0c8de8576845507cc1f9082de49e1d412a2b01932b7a2e942987b1,True,True,True,True,True,2026-06-28T09:13:05.866218+00:00
payload.demo_payload_template,payload,demo_payload_template_df,csv,cell_group_7/payload/demo_payload_template.csv,artifacts/contracts/cell_group_7/payload/demo_payload_template.csv,/home/wira/Documents/Project/credit-scoring/artifacts/contracts/cell_group_7/payload/demo_payload_template.csv,True,dataframe,196,196,92252,85527a592c60d4bec701db9d21ada487f8f0d8825dbf90f718bf8a78f6988e27,True,EXPORTED,READBACK_OK,,,2026-06-28T08:49:09.887093+00:00,196,92252,85527a592c60d4bec701db9d21ada487f8f0d8825dbf90f718bf8a78f6988e27,True,True,True,True,True,2026-06-28T09:13:05.877755+00:00
payload.demo_payload_field_matrix,payload,demo_payload_field_matrix_df,csv,cell_group_7/payload/demo_payload_field_matrix.csv,artifacts/contracts/cell_group_7/payload/demo_payload_field_matrix.csv,/home/wira/Documents/Project/credit-scoring/artifacts/contracts/cell_group_7/payload/demo_payload_field_matrix.csv,True,dataframe,196,196,92252,85527a592c60d4bec701db9d21ada487f8f0d8825dbf90f718bf8a78f6988e27,True,EXPORTED,READBACK_OK,,,2026-06-28T08:49:09.895426+00:00,196,92252,85527a592c60d4bec701db9d21ada487f8f0d8825dbf90f718bf8a78f6988e27,True,True,True,True,True,2026-06-28T09:13:05.890486+00:00
payload.demo_payload_mode_readiness,payload,demo_payload_mode_readiness_df,csv,cell_group_7/payload/demo_payload_mode_readiness.csv,artifacts/contracts/cell_group_7/payload/demo_payload_mode_readiness.csv,/home/wira/Documents/Project/credit-scoring/artifacts/contracts/cell_group_7/payload/demo_payload_mode_readiness.csv,True,dataframe,4,4,661,097d9cb81ed89129928e58cf67fc3537933565929cff646bc885bc2233d6b917,True,EXPORTED,READBACK_OK,,,2026-06-28T08:49:09.898332+00:00,4,661,097d9cb81ed89129928e58cf67fc3537933565929cff646bc885bc2233d6b917,True,True,True,True,True,2026-06-28T09:13:05.896375+00:00
payload.demo_payload_profile_payload_map,payload,demo_payload_profile_payload_map_df,csv,cell_group_7/payload/demo_payload_profile_payload_map.csv,artifacts/contracts/cell_group_7/payload/demo_payload_profile_payload_map.csv,/home/wira/Documents/Project/credit-scoring/artifacts/contracts/cell_group_7/payload/demo_payload_profile_payload_map.csv,True,dataframe,245,245,56570,0a805a0203ecf4f507bddaa0e2eeba2f7e4dc2dd52e9d9d5c7d130e393055a19,True,EXPORTED,READBACK_OK,,,2026-06-28T08:49:09.904829+00:00,245,56570,0a805a0203ecf4f507bddaa0e2eeba2f7e4dc2dd52e9d9d5c7d130e393055a19,True,True,True,True,True,2026-06-28T09:13:05.904238+00:00
payload.demo_payload_limitation_disclosure,payload,demo_payload_limitation_disclosure_df,csv,cell_group_7/payload/demo_payload_limitation_disclosure.csv,artifacts/contracts/cell_group_7/payload/demo_payload_limitation_disclosure.csv,/home/wira/Documents/Project/credit-scoring/artifacts/contracts/cell_group_7/payload/demo_payload_limitation_disclosure.csv,True,dataframe,18,18,4338,0cc502ad131e5954b0ee6073340c63764cabc3f210e99cd6039c7e11889a1b34,True,EXPORTED,READBACK_OK,,,2026-06-28T08:49:09.907805+00:00,18,4338,0cc502ad131e5954b0ee6073340c63764cabc3f210e99cd6039c7e11889a1b34,True,True,True,True,True,2026-06-28T09:13:05.910196+00:00
readiness.cell_group_7_cell_readiness,readiness,cell_group_7_cell_readiness_df,csv,cell_group_7/readiness/cell_group_7_cell_readiness.csv,artifacts/contracts/cell_group_7/readiness/cell_group_7_cell_readiness.csv,/home/wira/Documents/Project/credit-scoring/artifacts/contracts/cell_group_7/readiness/cell_group_7_cell_readiness.csv,True,dataframe,6,6,1206,e3157957819ebcf18e7c120504283909be955b9bc19078d0f6080037dc9ec56c,True,EXPORTED,READBACK_OK,,,2026-06-28T08:49:09.910463+00:00,6,1206,e3157957819ebcf18e7c120504283909be955b9bc19078d0f6080037dc9ec56c,True,True,True,True,True,2026-06-28T09:13:05.915466+00:00
readiness.cell_group_7_mode_readiness,readiness,cell_group_7_mode_readiness_df,csv,cell_group_7/readiness/cell_group_7_mode_readiness.csv,artifacts/contracts/cell_group_7/readiness/cell_group_7_mode_readiness.csv,/home/wira/Documents/Project/credit-scoring/artifacts/contracts/cell_group_7/readiness/cell_group_7_mode_readiness.csv,True,dataframe,4,4,820,ef2dbdd1ba6fd10ff656a9196d6c5679f685a9d9c4d3d5ee1c3d6ff29aca750e,True,EXPORTED,READBACK_OK,,,2026-06-28T08:49:09.913170+00:00,4,820,ef2dbdd1ba6fd10ff656a9196d6c5679f685a9d9c4d3d5ee1c3d6ff29aca750e,True,True,True,True,True,2026-06-28T09:13:05.921971+00:00
readiness.cell_group_7_limitation_register,readiness,cell_group_7_limitation_register_df,csv,cell_group_7/readiness/cell_group_7_limitation_register.csv,artifacts/contracts/cell_group_7/readiness/cell_group_7_limitation_register.csv,/home/wira/Documents/Project/credit-scoring/artifacts/contracts/cell_group_7/readiness/cell_group_7_limitation_register.csv,True,dataframe,5,5,1459,66fea3e09347fdb53a866552906b35f917934957ea42da1d419ce5fa4311ea61,True,EXPORTED,READBACK_OK,,,2026-06-28T08:49:09.916228+00:00,5,1459,66fea3e09347fdb53a866552906b35f917934957ea42da1d419ce5fa4311ea61,True,True,True,True,True,2026-06-28T09:13:05.927178+00:00
readiness.cell_group_7_handoff_manifest,readiness,cell_group_7_handoff_manifest_df,csv,cell_group_7/readiness/cell_group_7_handoff_manifest.csv,artifacts/contracts/cell_group_7/readiness/cell_group_7_handoff_manifest.csv,/home/wira/Documents/Project/credit-scoring/artifacts/contracts/cell_group_7/readiness/cell_group_7_handoff_manifest.csv,True,dataframe,13,13,2285,1965d4689fee4964a73e7c55614be317ce4b27a329bb4ff5b846f5d5424f03ee,True,EXPORTED,READBACK_OK,,,2026-06-28T08:49:09.919055+00:00,13,2285,1965d4689fee4964a73e7c55614be317ce4b27a329bb4ff5b846f5d5424f03ee,True,True,True,True,True,2026-06-28T09:13:05.932299+00:00
readiness.cell_group_7_boundary_checks,readiness,cell_group_7_boundary_checks_df,csv,cell_group_7/readiness/cell_group_7_boundary_checks.csv,artifacts/contracts/cell_group_7/readiness/cell_group_7_boundary_checks.csv,/home/wira/Documents/Project/credit-scoring/artifacts/contracts/cell_group_7/readiness/cell_group_7_boundary_checks.csv,True,dataframe,12,12,1073,e768c459f7eb181b74068aec83e9105bed608093837cff0700955da1512581ef,True,EXPORTED,READBACK_OK,,,2026-06-28T08:49:09.922590+00:00,12,1073,e768c459f7eb181b74068aec83e9105bed608093837cff0700955da1512581ef,True,True,True,True,True,2026-06-28T09:13:05.938090+00:00
readiness.cell_group_7_final_checks,readiness,cell_group_7_final_checks_df,csv,cell_group_7/readiness/cell_group_7_final_checks.csv,artifacts/contracts/cell_group_7/readiness/cell_group_7_final_checks.csv,/home/wira/Documents/Project/credit-scoring/artifacts/contracts/cell_group_7/readiness/cell_group_7_final_checks.csv,True,dataframe,15,15,1970,733b42d9f41c6a5b3f8256bda269af125259bdecc4f1e4ce440a414dcf2974aa,True,EXPORTED,READBACK_OK,,,2026-06-28T08:49:09.925685+00:00,15,1970,733b42d9f41c6a5b3f8256bda269af125259bdecc4f1e4ce440a414dcf2974aa,True,True,True,True,True,2026-06-28T09:13:05.944396+00:00
readiness.cell_group_7_final_readiness_report,readiness,cell_group_7_final_readiness_report,json,cell_group_7/readiness/cell_group_7_final_readiness_report.json,artifacts/contracts/cell_group_7/readiness/cell_group_7_final_readiness_report.json,/home/wira/Documents/Project/credit-scoring/artifacts/contracts/cell_group_7/readiness/cell_group_7_final_readiness_report.json,True,dict,18,18,3275,bd9886df9414911fb97597e8424e9e4b90316c8dcd9ee41fb9bc1f7c39c1c4ba,True,EXPORTED,READBACK_OK,,,2026-06-28T08:49:09.927325+00:00,18,3275,bd9886df9414911fb97597e8424e9e4b90316c8dcd9ee41fb9bc1f7c39c1c4ba,True,True,True,True,True,2026-06-28T09:13:05.946288+00:00
