profile_id,profile_display_label,schema_mode,canonical_feature,synthetic_value,synthetic_value_source,value_policy,mapping_key,mapping_status,mapping_family,entity_type,demo_role,payload_compatible,limitation_aware,disclosure_required,runtime_validation_engine,raw_data_loaded,model_loaded,shap_loaded,inference_executed,threshold_used,prediction_probability_created,risk_score_created,final_payload_assembled,disk_persisted
SP_LOW_RISK_SIGNAL,Lower-Risk-Signal Synthetic Profile,SAMPLE_PROFILE,acc_open_past_24mths,20,DETERMINISTIC_NUMERIC_FIXTURE,metadata-validated / contract-checked synthetic fixture,sample_profile__acc_open_past_24mths__synthetic_profile_canonical,READY,SYNTHETIC_PROFILE_CANONICAL,MODEL_FEATURE,,True,False,False,False,False,False,False,False,False,False,False,False,False
SP_LOW_RISK_SIGNAL,Lower-Risk-Signal Synthetic Profile,SAMPLE_PROFILE,bankruptcy_flag,0,BOOLEAN_LIKE_FIXTURE,metadata-validated / contract-checked synthetic fixture,sample_profile__bankruptcy_flag__synthetic_profile_canonical,READY,SYNTHETIC_PROFILE_CANONICAL,MODEL_FEATURE,,True,False,False,False,False,False,False,False,False,False,False,False,False
SP_LOW_RISK_SIGNAL,Lower-Risk-Signal Synthetic Profile,SAMPLE_PROFILE,bc_open_to_buy,20,DETERMINISTIC_NUMERIC_FIXTURE,metadata-validated / contract-checked synthetic fixture,sample_profile__bc_open_to_buy__synthetic_profile_canonical,READY,SYNTHETIC_PROFILE_CANONICAL,MODEL_FEATURE,,True,False,False,False,False,False,False,False,False,False,False,False,False
SP_LOW_RISK_SIGNAL,Lower-Risk-Signal Synthetic Profile,SAMPLE_PROFILE,bc_open_to_buy_missing_flag,0,BOOLEAN_LIKE_FIXTURE,metadata-validated / contract-checked synthetic fixture,sample_profile__bc_open_to_buy_missing_flag__synthetic_profile_canonical,READY,SYNTHETIC_PROFILE_CANONICAL,MODEL_FEATURE,,True,False,False,False,False,False,False,False,False,False,False,False,False
SP_LOW_RISK_SIGNAL,Lower-Risk-Signal Synthetic Profile,SAMPLE_PROFILE,bc_util,20,DETERMINISTIC_NUMERIC_FIXTURE,metadata-validated / contract-checked synthetic fixture,sample_profile__bc_util__synthetic_profile_canonical,READY,SYNTHETIC_PROFILE_CANONICAL,MODEL_FEATURE,,True,False,False,False,False,False,False,False,False,False,False,False,False
SP_LOW_RISK_SIGNAL,Lower-Risk-Signal Synthetic Profile,SAMPLE_PROFILE,bc_util_missing_flag,0,BOOLEAN_LIKE_FIXTURE,metadata-validated / contract-checked synthetic fixture,sample_profile__bc_util_missing_flag__synthetic_profile_canonical,READY,SYNTHETIC_PROFILE_CANONICAL,MODEL_FEATURE,,True,False,False,False,False,False,False,False,False,False,False,False,False
SP_LOW_RISK_SIGNAL,Lower-Risk-Signal Synthetic Profile,SAMPLE_PROFILE,credit_age_months,96,LIMITATION_AWARE_DETERMINISTIC_FIXTURE,metadata-validated / contract-checked synthetic fixture,sample_profile__credit_age_months__limitation_aware_mapping,READY_WITH_LIMITATION,LIMITATION_AWARE_MAPPING,MODEL_FEATURE,,True,True,True,False,False,False,False,False,False,False,False,False,False
SP_LOW_RISK_SIGNAL,Lower-Risk-Signal Synthetic Profile,SAMPLE_PROFILE,debt_to_income_revol,20,DETERMINISTIC_NUMERIC_FIXTURE,metadata-validated / contract-checked synthetic fixture,sample_profile__debt_to_income_revol__synthetic_profile_canonical,READY,SYNTHETIC_PROFILE_CANONICAL,MODEL_FEATURE,,True,False,False,False,False,False,False,False,False,False,False,False,False
SP_LOW_RISK_SIGNAL,Lower-Risk-Signal Synthetic Profile,SAMPLE_PROFILE,delinq_2yrs,20,DETERMINISTIC_NUMERIC_FIXTURE,metadata-validated / contract-checked synthetic fixture,sample_profile__delinq_2yrs__synthetic_profile_canonical,READY,SYNTHETIC_PROFILE_CANONICAL,MODEL_FEATURE,,True,False,False,False,False,False,False,False,False,False,False,False,False
SP_LOW_RISK_SIGNAL,Lower-Risk-Signal Synthetic Profile,SAMPLE_PROFILE,delinq_flag,0,BOOLEAN_LIKE_FIXTURE,metadata-validated / contract-checked synthetic fixture,sample_profile__delinq_flag__synthetic_profile_canonical,READY,SYNTHETIC_PROFILE_CANONICAL,MODEL_FEATURE,,True,False,False,False,False,False,False,False,False,False,False,False,False
SP_LOW_RISK_SIGNAL,Lower-Risk-Signal Synthetic Profile,SAMPLE_PROFILE,dti,20,DETERMINISTIC_NUMERIC_FIXTURE,metadata-validated / contract-checked synthetic fixture,sample_profile__dti__synthetic_profile_canonical,READY,SYNTHETIC_PROFILE_CANONICAL,MODEL_FEATURE,,True,False,False,False,False,False,False,False,False,False,False,False,False
SP_LOW_RISK_SIGNAL,Lower-Risk-Signal Synthetic Profile,SAMPLE_PROFILE,fico_avg,20,DETERMINISTIC_NUMERIC_FIXTURE,metadata-validated / contract-checked synthetic fixture,sample_profile__fico_avg__synthetic_profile_canonical,READY,SYNTHETIC_PROFILE_CANONICAL,MODEL_FEATURE,,True,False,False,False,False,False,False,False,False,False,False,False,False
SP_LOW_RISK_SIGNAL,Lower-Risk-Signal Synthetic Profile,SAMPLE_PROFILE,grade_encoded,1,LIMITATION_AWARE_DETERMINISTIC_FIXTURE,metadata-validated / contract-checked synthetic fixture,sample_profile__grade_encoded__limitation_aware_mapping,READY_WITH_LIMITATION,LIMITATION_AWARE_MAPPING,MODEL_FEATURE,,True,True,True,False,False,False,False,False,False,False,False,False,False
SP_LOW_RISK_SIGNAL,Lower-Risk-Signal Synthetic Profile,SAMPLE_PROFILE,high_revol_util_flag,0,BOOLEAN_LIKE_FIXTURE,metadata-validated / contract-checked synthetic fixture,sample_profile__high_revol_util_flag__synthetic_profile_canonical,READY,SYNTHETIC_PROFILE_CANONICAL,MODEL_FEATURE,,True,False,False,False,False,False,False,False,False,False,False,False,False
SP_LOW_RISK_SIGNAL,Lower-Risk-Signal Synthetic Profile,SAMPLE_PROFILE,home_ownership_encoded,20,DETERMINISTIC_NUMERIC_FIXTURE,metadata-validated / contract-checked synthetic fixture,sample_profile__home_ownership_encoded__synthetic_profile_canonical,READY,SYNTHETIC_PROFILE_CANONICAL,MODEL_FEATURE,,True,False,False,False,False,False,False,False,False,False,False,False,False
SP_LOW_RISK_SIGNAL,Lower-Risk-Signal Synthetic Profile,SAMPLE_PROFILE,inq_last_6mths,20,DETERMINISTIC_NUMERIC_FIXTURE,metadata-validated / contract-checked synthetic fixture,sample_profile__inq_last_6mths__synthetic_profile_canonical,READY,SYNTHETIC_PROFILE_CANONICAL,MODEL_FEATURE,,True,False,False,False,False,False,False,False,False,False,False,False,False
SP_LOW_RISK_SIGNAL,Lower-Risk-Signal Synthetic Profile,SAMPLE_PROFILE,inq_per_open_acc,20,DETERMINISTIC_NUMERIC_FIXTURE,metadata-validated / contract-checked synthetic fixture,sample_profile__inq_per_open_acc__synthetic_profile_canonical,READY,SYNTHETIC_PROFILE_CANONICAL,MODEL_FEATURE,,True,False,False,False,False,False,False,False,False,False,False,False,False
SP_LOW_RISK_SIGNAL,Lower-Risk-Signal Synthetic Profile,SAMPLE_PROFILE,installment,20,DETERMINISTIC_NUMERIC_FIXTURE,metadata-validated / contract-checked synthetic fixture,sample_profile__installment__synthetic_profile_canonical,READY,SYNTHETIC_PROFILE_CANONICAL,MODEL_FEATURE,,True,False,False,False,False,False,False,False,False,False,False,False,False
SP_LOW_RISK_SIGNAL,Lower-Risk-Signal Synthetic Profile,SAMPLE_PROFILE,is_60_month,0,BOOLEAN_LIKE_FIXTURE,metadata-validated / contract-checked synthetic fixture,sample_profile__is_60_month__synthetic_profile_canonical,READY,SYNTHETIC_PROFILE_CANONICAL,MODEL_FEATURE,,True,False,False,False,False,False,False,False,False,False,False,False,False
SP_LOW_RISK_SIGNAL,Lower-Risk-Signal Synthetic Profile,SAMPLE_PROFILE,loan_amnt,20,DETERMINISTIC_NUMERIC_FIXTURE,metadata-validated / contract-checked synthetic fixture,sample_profile__loan_amnt__synthetic_profile_canonical,READY,SYNTHETIC_PROFILE_CANONICAL,MODEL_FEATURE,,True,False,False,False,False,False,False,False,False,False,False,False,False
SP_LOW_RISK_SIGNAL,Lower-Risk-Signal Synthetic Profile,SAMPLE_PROFILE,loan_to_income,20,DETERMINISTIC_NUMERIC_FIXTURE,metadata-validated / contract-checked synthetic fixture,sample_profile__loan_to_income__synthetic_profile_canonical,READY,SYNTHETIC_PROFILE_CANONICAL,MODEL_FEATURE,,True,False,False,False,False,False,False,False,False,False,False,False,False
SP_LOW_RISK_SIGNAL,Lower-Risk-Signal Synthetic Profile,SAMPLE_PROFILE,log_annual_inc,20,DETERMINISTIC_NUMERIC_FIXTURE,metadata-validated / contract-checked synthetic fixture,sample_profile__log_annual_inc__synthetic_profile_canonical,READY,SYNTHETIC_PROFILE_CANONICAL,MODEL_FEATURE,,True,False,False,False,False,False,False,False,False,False,False,False,False
SP_LOW_RISK_SIGNAL,Lower-Risk-Signal Synthetic Profile,SAMPLE_PROFILE,log_loan_amnt,20,DETERMINISTIC_NUMERIC_FIXTURE,metadata-validated / contract-checked synthetic fixture,sample_profile__log_loan_amnt__synthetic_profile_canonical,READY,SYNTHETIC_PROFILE_CANONICAL,MODEL_FEATURE,,True,False,False,False,False,False,False,False,False,False,False,False,False
SP_LOW_RISK_SIGNAL,Lower-Risk-Signal Synthetic Profile,SAMPLE_PROFILE,log_revol_bal,20,DETERMINISTIC_NUMERIC_FIXTURE,metadata-validated / contract-checked synthetic fixture,sample_profile__log_revol_bal__synthetic_profile_canonical,READY,SYNTHETIC_PROFILE_CANONICAL,MODEL_FEATURE,,True,False,False,False,False,False,False,False,False,False,False,False,False
SP_LOW_RISK_SIGNAL,Lower-Risk-Signal Synthetic Profile,SAMPLE_PROFILE,log_tot_cur_bal,20,DETERMINISTIC_NUMERIC_FIXTURE,metadata-validated / contract-checked synthetic fixture,sample_profile__log_tot_cur_bal__synthetic_profile_canonical,READY,SYNTHETIC_PROFILE_CANONICAL,MODEL_FEATURE,,True,False,False,False,False,False,False,False,False,False,False,False,False
SP_LOW_RISK_SIGNAL,Lower-Risk-Signal Synthetic Profile,SAMPLE_PROFILE,log_total_rev_hi_lim,20,DETERMINISTIC_NUMERIC_FIXTURE,metadata-validated / contract-checked synthetic fixture,sample_profile__log_total_rev_hi_lim__synthetic_profile_canonical,READY,SYNTHETIC_PROFILE_CANONICAL,MODEL_FEATURE,,True,False,False,False,False,False,False,False,False,False,False,False,False
SP_LOW_RISK_SIGNAL,Lower-Risk-Signal Synthetic Profile,SAMPLE_PROFILE,mo_sin_old_rev_tl_op,20,DETERMINISTIC_NUMERIC_FIXTURE,metadata-validated / contract-checked synthetic fixture,sample_profile__mo_sin_old_rev_tl_op__synthetic_profile_canonical,READY,SYNTHETIC_PROFILE_CANONICAL,MODEL_FEATURE,,True,False,False,False,False,False,False,False,False,False,False,False,False
SP_LOW_RISK_SIGNAL,Lower-Risk-Signal Synthetic Profile,SAMPLE_PROFILE,mo_sin_old_rev_tl_op_missing_flag,0,BOOLEAN_LIKE_FIXTURE,metadata-validated / contract-checked synthetic fixture,sample_profile__mo_sin_old_rev_tl_op_missing_flag__synthetic_profile_canonical,READY,SYNTHETIC_PROFILE_CANONICAL,MODEL_FEATURE,,True,False,False,False,False,False,False,False,False,False,False,False,False
SP_LOW_RISK_SIGNAL,Lower-Risk-Signal Synthetic Profile,SAMPLE_PROFILE,mo_sin_rcnt_rev_tl_op,20,DETERMINISTIC_NUMERIC_FIXTURE,metadata-validated / contract-checked synthetic fixture,sample_profile__mo_sin_rcnt_rev_tl_op__synthetic_profile_canonical,READY,SYNTHETIC_PROFILE_CANONICAL,MODEL_FEATURE,,True,False,False,False,False,False,False,False,False,False,False,False,False
SP_LOW_RISK_SIGNAL,Lower-Risk-Signal Synthetic Profile,SAMPLE_PROFILE,mo_sin_rcnt_rev_tl_op_missing_flag,0,BOOLEAN_LIKE_FIXTURE,metadata-validated / contract-checked synthetic fixture,sample_profile__mo_sin_rcnt_rev_tl_op_missing_flag__synthetic_profile_canonical,READY,SYNTHETIC_PROFILE_CANONICAL,MODEL_FEATURE,,True,False,False,False,False,False,False,False,False,False,False,False,False
SP_LOW_RISK_SIGNAL,Lower-Risk-Signal Synthetic Profile,SAMPLE_PROFILE,mort_acc,20,DETERMINISTIC_NUMERIC_FIXTURE,metadata-validated / contract-checked synthetic fixture,sample_profile__mort_acc__synthetic_profile_canonical,READY,SYNTHETIC_PROFILE_CANONICAL,MODEL_FEATURE,,True,False,False,False,False,False,False,False,False,False,False,False,False
SP_LOW_RISK_SIGNAL,Lower-Risk-Signal Synthetic Profile,SAMPLE_PROFILE,mths_since_last_delinq,20,DETERMINISTIC_NUMERIC_FIXTURE,metadata-validated / contract-checked synthetic fixture,sample_profile__mths_since_last_delinq__synthetic_profile_canonical,READY,SYNTHETIC_PROFILE_CANONICAL,MODEL_FEATURE,,True,False,False,False,False,False,False,False,False,False,False,False,False
SP_LOW_RISK_SIGNAL,Lower-Risk-Signal Synthetic Profile,SAMPLE_PROFILE,mths_since_last_delinq_missing_flag,0,BOOLEAN_LIKE_FIXTURE,metadata-validated / contract-checked synthetic fixture,sample_profile__mths_since_last_delinq_missing_flag__synthetic_profile_canonical,READY,SYNTHETIC_PROFILE_CANONICAL,MODEL_FEATURE,,True,False,False,False,False,False,False,False,False,False,False,False,False
SP_LOW_RISK_SIGNAL,Lower-Risk-Signal Synthetic Profile,SAMPLE_PROFILE,num_actv_bc_tl,20,DETERMINISTIC_NUMERIC_FIXTURE,metadata-validated / contract-checked synthetic fixture,sample_profile__num_actv_bc_tl__synthetic_profile_canonical,READY,SYNTHETIC_PROFILE_CANONICAL,MODEL_FEATURE,,True,False,False,False,False,False,False,False,False,False,False,False,False
SP_LOW_RISK_SIGNAL,Lower-Risk-Signal Synthetic Profile,SAMPLE_PROFILE,open_acc,20,DETERMINISTIC_NUMERIC_FIXTURE,metadata-validated / contract-checked synthetic fixture,sample_profile__open_acc__synthetic_profile_canonical,READY,SYNTHETIC_PROFILE_CANONICAL,MODEL_FEATURE,,True,False,False,False,False,False,False,False,False,False,False,False,False
SP_LOW_RISK_SIGNAL,Lower-Risk-Signal Synthetic Profile,SAMPLE_PROFILE,payment_to_income,20,DETERMINISTIC_NUMERIC_FIXTURE,metadata-validated / contract-checked synthetic fixture,sample_profile__payment_to_income__synthetic_profile_canonical,READY,SYNTHETIC_PROFILE_CANONICAL,MODEL_FEATURE,,True,False,False,False,False,False,False,False,False,False,False,False,False
SP_LOW_RISK_SIGNAL,Lower-Risk-Signal Synthetic Profile,SAMPLE_PROFILE,pct_tl_nvr_dlq,20,DETERMINISTIC_NUMERIC_FIXTURE,metadata-validated / contract-checked synthetic fixture,sample_profile__pct_tl_nvr_dlq__synthetic_profile_canonical,READY,SYNTHETIC_PROFILE_CANONICAL,MODEL_FEATURE,,True,False,False,False,False,False,False,False,False,False,False,False,False
SP_LOW_RISK_SIGNAL,Lower-Risk-Signal Synthetic Profile,SAMPLE_PROFILE,pub_rec,20,DETERMINISTIC_NUMERIC_FIXTURE,metadata-validated / contract-checked synthetic fixture,sample_profile__pub_rec__synthetic_profile_canonical,READY,SYNTHETIC_PROFILE_CANONICAL,MODEL_FEATURE,,True,False,False,False,False,False,False,False,False,False,False,False,False
SP_LOW_RISK_SIGNAL,Lower-Risk-Signal Synthetic Profile,SAMPLE_PROFILE,pub_rec_bankruptcies,20,DETERMINISTIC_NUMERIC_FIXTURE,metadata-validated / contract-checked synthetic fixture,sample_profile__pub_rec_bankruptcies__synthetic_profile_canonical,READY,SYNTHETIC_PROFILE_CANONICAL,MODEL_FEATURE,,True,False,False,False,False,False,False,False,False,False,False,False,False
SP_LOW_RISK_SIGNAL,Lower-Risk-Signal Synthetic Profile,SAMPLE_PROFILE,pub_rec_flag,0,BOOLEAN_LIKE_FIXTURE,metadata-validated / contract-checked synthetic fixture,sample_profile__pub_rec_flag__synthetic_profile_canonical,READY,SYNTHETIC_PROFILE_CANONICAL,MODEL_FEATURE,,True,False,False,False,False,False,False,False,False,False,False,False,False
SP_LOW_RISK_SIGNAL,Lower-Risk-Signal Synthetic Profile,SAMPLE_PROFILE,purpose,other,FIXED_ALLOWED_CATEGORY_REPAIR,metadata-validated / contract-checked synthetic fixture,sample_profile__purpose__synthetic_profile_canonical,READY,SYNTHETIC_PROFILE_CANONICAL,MODEL_FEATURE,,True,False,False,False,False,False,False,False,False,False,False,False,False
SP_LOW_RISK_SIGNAL,Lower-Risk-Signal Synthetic Profile,SAMPLE_PROFILE,revol_bal,20,DETERMINISTIC_NUMERIC_FIXTURE,metadata-validated / contract-checked synthetic fixture,sample_profile__revol_bal__synthetic_profile_canonical,READY,SYNTHETIC_PROFILE_CANONICAL,MODEL_FEATURE,,True,False,False,False,False,False,False,False,False,False,False,False,False
SP_LOW_RISK_SIGNAL,Lower-Risk-Signal Synthetic Profile,SAMPLE_PROFILE,revol_util,20,DETERMINISTIC_NUMERIC_FIXTURE,metadata-validated / contract-checked synthetic fixture,sample_profile__revol_util__synthetic_profile_canonical,READY,SYNTHETIC_PROFILE_CANONICAL,MODEL_FEATURE,,True,False,False,False,False,False,False,False,False,False,False,False,False
SP_LOW_RISK_SIGNAL,Lower-Risk-Signal Synthetic Profile,SAMPLE_PROFILE,term_months,20,DETERMINISTIC_NUMERIC_FIXTURE,metadata-validated / contract-checked synthetic fixture,sample_profile__term_months__synthetic_profile_canonical,READY,SYNTHETIC_PROFILE_CANONICAL,MODEL_FEATURE,,True,False,False,False,False,False,False,False,False,False,False,False,False
SP_LOW_RISK_SIGNAL,Lower-Risk-Signal Synthetic Profile,SAMPLE_PROFILE,tot_cur_bal,20,DETERMINISTIC_NUMERIC_FIXTURE,metadata-validated / contract-checked synthetic fixture,sample_profile__tot_cur_bal__synthetic_profile_canonical,READY,SYNTHETIC_PROFILE_CANONICAL,MODEL_FEATURE,,True,False,False,False,False,False,False,False,False,False,False,False,False
SP_LOW_RISK_SIGNAL,Lower-Risk-Signal Synthetic Profile,SAMPLE_PROFILE,total_acc,20,DETERMINISTIC_NUMERIC_FIXTURE,metadata-validated / contract-checked synthetic fixture,sample_profile__total_acc__synthetic_profile_canonical,READY,SYNTHETIC_PROFILE_CANONICAL,MODEL_FEATURE,,True,False,False,False,False,False,False,False,False,False,False,False,False
SP_LOW_RISK_SIGNAL,Lower-Risk-Signal Synthetic Profile,SAMPLE_PROFILE,total_rev_hi_lim,20,DETERMINISTIC_NUMERIC_FIXTURE,metadata-validated / contract-checked synthetic fixture,sample_profile__total_rev_hi_lim__synthetic_profile_canonical,READY,SYNTHETIC_PROFILE_CANONICAL,MODEL_FEATURE,,True,False,False,False,False,False,False,False,False,False,False,False,False
SP_LOW_RISK_SIGNAL,Lower-Risk-Signal Synthetic Profile,SAMPLE_PROFILE,util_to_fico_ratio,20,DETERMINISTIC_NUMERIC_FIXTURE,metadata-validated / contract-checked synthetic fixture,sample_profile__util_to_fico_ratio__synthetic_profile_canonical,READY,SYNTHETIC_PROFILE_CANONICAL,MODEL_FEATURE,,True,False,False,False,False,False,False,False,False,False,False,False,False
SP_LOW_RISK_SIGNAL,Lower-Risk-Signal Synthetic Profile,SAMPLE_PROFILE,verification_encoded,20,DETERMINISTIC_NUMERIC_FIXTURE,metadata-validated / contract-checked synthetic fixture,sample_profile__verification_encoded__synthetic_profile_canonical,READY,SYNTHETIC_PROFILE_CANONICAL,MODEL_FEATURE,,True,False,False,False,False,False,False,False,False,False,False,False,False
SP_MEDIUM_RISK_SIGNAL,Moderate-Risk-Signal Synthetic Profile,SAMPLE_PROFILE,acc_open_past_24mths,50,DETERMINISTIC_NUMERIC_FIXTURE,metadata-validated / contract-checked synthetic fixture,sample_profile__acc_open_past_24mths__synthetic_profile_canonical,READY,SYNTHETIC_PROFILE_CANONICAL,MODEL_FEATURE,,True,False,False,False,False,False,False,False,False,False,False,False,False
SP_MEDIUM_RISK_SIGNAL,Moderate-Risk-Signal Synthetic Profile,SAMPLE_PROFILE,bankruptcy_flag,0,BOOLEAN_LIKE_FIXTURE,metadata-validated / contract-checked synthetic fixture,sample_profile__bankruptcy_flag__synthetic_profile_canonical,READY,SYNTHETIC_PROFILE_CANONICAL,MODEL_FEATURE,,True,False,False,False,False,False,False,False,False,False,False,False,False
SP_MEDIUM_RISK_SIGNAL,Moderate-Risk-Signal Synthetic Profile,SAMPLE_PROFILE,bc_open_to_buy,50,DETERMINISTIC_NUMERIC_FIXTURE,metadata-validated / contract-checked synthetic fixture,sample_profile__bc_open_to_buy__synthetic_profile_canonical,READY,SYNTHETIC_PROFILE_CANONICAL,MODEL_FEATURE,,True,False,False,False,False,False,False,False,False,False,False,False,False
SP_MEDIUM_RISK_SIGNAL,Moderate-Risk-Signal Synthetic Profile,SAMPLE_PROFILE,bc_open_to_buy_missing_flag,0,BOOLEAN_LIKE_FIXTURE,metadata-validated / contract-checked synthetic fixture,sample_profile__bc_open_to_buy_missing_flag__synthetic_profile_canonical,READY,SYNTHETIC_PROFILE_CANONICAL,MODEL_FEATURE,,True,False,False,False,False,False,False,False,False,False,False,False,False
SP_MEDIUM_RISK_SIGNAL,Moderate-Risk-Signal Synthetic Profile,SAMPLE_PROFILE,bc_util,50,DETERMINISTIC_NUMERIC_FIXTURE,metadata-validated / contract-checked synthetic fixture,sample_profile__bc_util__synthetic_profile_canonical,READY,SYNTHETIC_PROFILE_CANONICAL,MODEL_FEATURE,,True,False,False,False,False,False,False,False,False,False,False,False,False
SP_MEDIUM_RISK_SIGNAL,Moderate-Risk-Signal Synthetic Profile,SAMPLE_PROFILE,bc_util_missing_flag,0,BOOLEAN_LIKE_FIXTURE,metadata-validated / contract-checked synthetic fixture,sample_profile__bc_util_missing_flag__synthetic_profile_canonical,READY,SYNTHETIC_PROFILE_CANONICAL,MODEL_FEATURE,,True,False,False,False,False,False,False,False,False,False,False,False,False
SP_MEDIUM_RISK_SIGNAL,Moderate-Risk-Signal Synthetic Profile,SAMPLE_PROFILE,credit_age_months,60,LIMITATION_AWARE_DETERMINISTIC_FIXTURE,metadata-validated / contract-checked synthetic fixture,sample_profile__credit_age_months__limitation_aware_mapping,READY_WITH_LIMITATION,LIMITATION_AWARE_MAPPING,MODEL_FEATURE,,True,True,True,False,False,False,False,False,False,False,False,False,False
SP_MEDIUM_RISK_SIGNAL,Moderate-Risk-Signal Synthetic Profile,SAMPLE_PROFILE,debt_to_income_revol,50,DETERMINISTIC_NUMERIC_FIXTURE,metadata-validated / contract-checked synthetic fixture,sample_profile__debt_to_income_revol__synthetic_profile_canonical,READY,SYNTHETIC_PROFILE_CANONICAL,MODEL_FEATURE,,True,False,False,False,False,False,False,False,False,False,False,False,False
SP_MEDIUM_RISK_SIGNAL,Moderate-Risk-Signal Synthetic Profile,SAMPLE_PROFILE,delinq_2yrs,50,DETERMINISTIC_NUMERIC_FIXTURE,metadata-validated / contract-checked synthetic fixture,sample_profile__delinq_2yrs__synthetic_profile_canonical,READY,SYNTHETIC_PROFILE_CANONICAL,MODEL_FEATURE,,True,False,False,False,False,False,False,False,False,False,False,False,False
SP_MEDIUM_RISK_SIGNAL,Moderate-Risk-Signal Synthetic Profile,SAMPLE_PROFILE,delinq_flag,0,BOOLEAN_LIKE_FIXTURE,metadata-validated / contract-checked synthetic fixture,sample_profile__delinq_flag__synthetic_profile_canonical,READY,SYNTHETIC_PROFILE_CANONICAL,MODEL_FEATURE,,True,False,False,False,False,False,False,False,False,False,False,False,False
SP_MEDIUM_RISK_SIGNAL,Moderate-Risk-Signal Synthetic Profile,SAMPLE_PROFILE,dti,50,DETERMINISTIC_NUMERIC_FIXTURE,metadata-validated / contract-checked synthetic fixture,sample_profile__dti__synthetic_profile_canonical,READY,SYNTHETIC_PROFILE_CANONICAL,MODEL_FEATURE,,True,False,False,False,False,False,False,False,False,False,False,False,False
SP_MEDIUM_RISK_SIGNAL,Moderate-Risk-Signal Synthetic Profile,SAMPLE_PROFILE,fico_avg,50,DETERMINISTIC_NUMERIC_FIXTURE,metadata-validated / contract-checked synthetic fixture,sample_profile__fico_avg__synthetic_profile_canonical,READY,SYNTHETIC_PROFILE_CANONICAL,MODEL_FEATURE,,True,False,False,False,False,False,False,False,False,False,False,False,False
SP_MEDIUM_RISK_SIGNAL,Moderate-Risk-Signal Synthetic Profile,SAMPLE_PROFILE,grade_encoded,3,LIMITATION_AWARE_DETERMINISTIC_FIXTURE,metadata-validated / contract-checked synthetic fixture,sample_profile__grade_encoded__limitation_aware_mapping,READY_WITH_LIMITATION,LIMITATION_AWARE_MAPPING,MODEL_FEATURE,,True,True,True,False,False,False,False,False,False,False,False,False,False
SP_MEDIUM_RISK_SIGNAL,Moderate-Risk-Signal Synthetic Profile,SAMPLE_PROFILE,high_revol_util_flag,0,BOOLEAN_LIKE_FIXTURE,metadata-validated / contract-checked synthetic fixture,sample_profile__high_revol_util_flag__synthetic_profile_canonical,READY,SYNTHETIC_PROFILE_CANONICAL,MODEL_FEATURE,,True,False,False,False,False,False,False,False,False,False,False,False,False
SP_MEDIUM_RISK_SIGNAL,Moderate-Risk-Signal Synthetic Profile,SAMPLE_PROFILE,home_ownership_encoded,50,DETERMINISTIC_NUMERIC_FIXTURE,metadata-validated / contract-checked synthetic fixture,sample_profile__home_ownership_encoded__synthetic_profile_canonical,READY,SYNTHETIC_PROFILE_CANONICAL,MODEL_FEATURE,,True,False,False,False,False,False,False,False,False,False,False,False,False
SP_MEDIUM_RISK_SIGNAL,Moderate-Risk-Signal Synthetic Profile,SAMPLE_PROFILE,inq_last_6mths,50,DETERMINISTIC_NUMERIC_FIXTURE,metadata-validated / contract-checked synthetic fixture,sample_profile__inq_last_6mths__synthetic_profile_canonical,READY,SYNTHETIC_PROFILE_CANONICAL,MODEL_FEATURE,,True,False,False,False,False,False,False,False,False,False,False,False,False
SP_MEDIUM_RISK_SIGNAL,Moderate-Risk-Signal Synthetic Profile,SAMPLE_PROFILE,inq_per_open_acc,50,DETERMINISTIC_NUMERIC_FIXTURE,metadata-validated / contract-checked synthetic fixture,sample_profile__inq_per_open_acc__synthetic_profile_canonical,READY,SYNTHETIC_PROFILE_CANONICAL,MODEL_FEATURE,,True,False,False,False,False,False,False,False,False,False,False,False,False
SP_MEDIUM_RISK_SIGNAL,Moderate-Risk-Signal Synthetic Profile,SAMPLE_PROFILE,installment,50,DETERMINISTIC_NUMERIC_FIXTURE,metadata-validated / contract-checked synthetic fixture,sample_profile__installment__synthetic_profile_canonical,READY,SYNTHETIC_PROFILE_CANONICAL,MODEL_FEATURE,,True,False,False,False,False,False,False,False,False,False,False,False,False
SP_MEDIUM_RISK_SIGNAL,Moderate-Risk-Signal Synthetic Profile,SAMPLE_PROFILE,is_60_month,0,BOOLEAN_LIKE_FIXTURE,metadata-validated / contract-checked synthetic fixture,sample_profile__is_60_month__synthetic_profile_canonical,READY,SYNTHETIC_PROFILE_CANONICAL,MODEL_FEATURE,,True,False,False,False,False,False,False,False,False,False,False,False,False
SP_MEDIUM_RISK_SIGNAL,Moderate-Risk-Signal Synthetic Profile,SAMPLE_PROFILE,loan_amnt,50,DETERMINISTIC_NUMERIC_FIXTURE,metadata-validated / contract-checked synthetic fixture,sample_profile__loan_amnt__synthetic_profile_canonical,READY,SYNTHETIC_PROFILE_CANONICAL,MODEL_FEATURE,,True,False,False,False,False,False,False,False,False,False,False,False,False
SP_MEDIUM_RISK_SIGNAL,Moderate-Risk-Signal Synthetic Profile,SAMPLE_PROFILE,loan_to_income,50,DETERMINISTIC_NUMERIC_FIXTURE,metadata-validated / contract-checked synthetic fixture,sample_profile__loan_to_income__synthetic_profile_canonical,READY,SYNTHETIC_PROFILE_CANONICAL,MODEL_FEATURE,,True,False,False,False,False,False,False,False,False,False,False,False,False
SP_MEDIUM_RISK_SIGNAL,Moderate-Risk-Signal Synthetic Profile,SAMPLE_PROFILE,log_annual_inc,50,DETERMINISTIC_NUMERIC_FIXTURE,metadata-validated / contract-checked synthetic fixture,sample_profile__log_annual_inc__synthetic_profile_canonical,READY,SYNTHETIC_PROFILE_CANONICAL,MODEL_FEATURE,,True,False,False,False,False,False,False,False,False,False,False,False,False
SP_MEDIUM_RISK_SIGNAL,Moderate-Risk-Signal Synthetic Profile,SAMPLE_PROFILE,log_loan_amnt,50,DETERMINISTIC_NUMERIC_FIXTURE,metadata-validated / contract-checked synthetic fixture,sample_profile__log_loan_amnt__synthetic_profile_canonical,READY,SYNTHETIC_PROFILE_CANONICAL,MODEL_FEATURE,,True,False,False,False,False,False,False,False,False,False,False,False,False
SP_MEDIUM_RISK_SIGNAL,Moderate-Risk-Signal Synthetic Profile,SAMPLE_PROFILE,log_revol_bal,50,DETERMINISTIC_NUMERIC_FIXTURE,metadata-validated / contract-checked synthetic fixture,sample_profile__log_revol_bal__synthetic_profile_canonical,READY,SYNTHETIC_PROFILE_CANONICAL,MODEL_FEATURE,,True,False,False,False,False,False,False,False,False,False,False,False,False
SP_MEDIUM_RISK_SIGNAL,Moderate-Risk-Signal Synthetic Profile,SAMPLE_PROFILE,log_tot_cur_bal,50,DETERMINISTIC_NUMERIC_FIXTURE,metadata-validated / contract-checked synthetic fixture,sample_profile__log_tot_cur_bal__synthetic_profile_canonical,READY,SYNTHETIC_PROFILE_CANONICAL,MODEL_FEATURE,,True,False,False,False,False,False,False,False,False,False,False,False,False
SP_MEDIUM_RISK_SIGNAL,Moderate-Risk-Signal Synthetic Profile,SAMPLE_PROFILE,log_total_rev_hi_lim,50,DETERMINISTIC_NUMERIC_FIXTURE,metadata-validated / contract-checked synthetic fixture,sample_profile__log_total_rev_hi_lim__synthetic_profile_canonical,READY,SYNTHETIC_PROFILE_CANONICAL,MODEL_FEATURE,,True,False,False,False,False,False,False,False,False,False,False,False,False
SP_MEDIUM_RISK_SIGNAL,Moderate-Risk-Signal Synthetic Profile,SAMPLE_PROFILE,mo_sin_old_rev_tl_op,50,DETERMINISTIC_NUMERIC_FIXTURE,metadata-validated / contract-checked synthetic fixture,sample_profile__mo_sin_old_rev_tl_op__synthetic_profile_canonical,READY,SYNTHETIC_PROFILE_CANONICAL,MODEL_FEATURE,,True,False,False,False,False,False,False,False,False,False,False,False,False
SP_MEDIUM_RISK_SIGNAL,Moderate-Risk-Signal Synthetic Profile,SAMPLE_PROFILE,mo_sin_old_rev_tl_op_missing_flag,0,BOOLEAN_LIKE_FIXTURE,metadata-validated / contract-checked synthetic fixture,sample_profile__mo_sin_old_rev_tl_op_missing_flag__synthetic_profile_canonical,READY,SYNTHETIC_PROFILE_CANONICAL,MODEL_FEATURE,,True,False,False,False,False,False,False,False,False,False,False,False,False
SP_MEDIUM_RISK_SIGNAL,Moderate-Risk-Signal Synthetic Profile,SAMPLE_PROFILE,mo_sin_rcnt_rev_tl_op,50,DETERMINISTIC_NUMERIC_FIXTURE,metadata-validated / contract-checked synthetic fixture,sample_profile__mo_sin_rcnt_rev_tl_op__synthetic_profile_canonical,READY,SYNTHETIC_PROFILE_CANONICAL,MODEL_FEATURE,,True,False,False,False,False,False,False,False,False,False,False,False,False
SP_MEDIUM_RISK_SIGNAL,Moderate-Risk-Signal Synthetic Profile,SAMPLE_PROFILE,mo_sin_rcnt_rev_tl_op_missing_flag,0,BOOLEAN_LIKE_FIXTURE,metadata-validated / contract-checked synthetic fixture,sample_profile__mo_sin_rcnt_rev_tl_op_missing_flag__synthetic_profile_canonical,READY,SYNTHETIC_PROFILE_CANONICAL,MODEL_FEATURE,,True,False,False,False,False,False,False,False,False,False,False,False,False
SP_MEDIUM_RISK_SIGNAL,Moderate-Risk-Signal Synthetic Profile,SAMPLE_PROFILE,mort_acc,50,DETERMINISTIC_NUMERIC_FIXTURE,metadata-validated / contract-checked synthetic fixture,sample_profile__mort_acc__synthetic_profile_canonical,READY,SYNTHETIC_PROFILE_CANONICAL,MODEL_FEATURE,,True,False,False,False,False,False,False,False,False,False,False,False,False
SP_MEDIUM_RISK_SIGNAL,Moderate-Risk-Signal Synthetic Profile,SAMPLE_PROFILE,mths_since_last_delinq,50,DETERMINISTIC_NUMERIC_FIXTURE,metadata-validated / contract-checked synthetic fixture,sample_profile__mths_since_last_delinq__synthetic_profile_canonical,READY,SYNTHETIC_PROFILE_CANONICAL,MODEL_FEATURE,,True,False,False,False,False,False,False,False,False,False,False,False,False
SP_MEDIUM_RISK_SIGNAL,Moderate-Risk-Signal Synthetic Profile,SAMPLE_PROFILE,mths_since_last_delinq_missing_flag,0,BOOLEAN_LIKE_FIXTURE,metadata-validated / contract-checked synthetic fixture,sample_profile__mths_since_last_delinq_missing_flag__synthetic_profile_canonical,READY,SYNTHETIC_PROFILE_CANONICAL,MODEL_FEATURE,,True,False,False,False,False,False,False,False,False,False,False,False,False
SP_MEDIUM_RISK_SIGNAL,Moderate-Risk-Signal Synthetic Profile,SAMPLE_PROFILE,num_actv_bc_tl,50,DETERMINISTIC_NUMERIC_FIXTURE,metadata-validated / contract-checked synthetic fixture,sample_profile__num_actv_bc_tl__synthetic_profile_canonical,READY,SYNTHETIC_PROFILE_CANONICAL,MODEL_FEATURE,,True,False,False,False,False,False,False,False,False,False,False,False,False
SP_MEDIUM_RISK_SIGNAL,Moderate-Risk-Signal Synthetic Profile,SAMPLE_PROFILE,open_acc,50,DETERMINISTIC_NUMERIC_FIXTURE,metadata-validated / contract-checked synthetic fixture,sample_profile__open_acc__synthetic_profile_canonical,READY,SYNTHETIC_PROFILE_CANONICAL,MODEL_FEATURE,,True,False,False,False,False,False,False,False,False,False,False,False,False
SP_MEDIUM_RISK_SIGNAL,Moderate-Risk-Signal Synthetic Profile,SAMPLE_PROFILE,payment_to_income,50,DETERMINISTIC_NUMERIC_FIXTURE,metadata-validated / contract-checked synthetic fixture,sample_profile__payment_to_income__synthetic_profile_canonical,READY,SYNTHETIC_PROFILE_CANONICAL,MODEL_FEATURE,,True,False,False,False,False,False,False,False,False,False,False,False,False
SP_MEDIUM_RISK_SIGNAL,Moderate-Risk-Signal Synthetic Profile,SAMPLE_PROFILE,pct_tl_nvr_dlq,50,DETERMINISTIC_NUMERIC_FIXTURE,metadata-validated / contract-checked synthetic fixture,sample_profile__pct_tl_nvr_dlq__synthetic_profile_canonical,READY,SYNTHETIC_PROFILE_CANONICAL,MODEL_FEATURE,,True,False,False,False,False,False,False,False,False,False,False,False,False
SP_MEDIUM_RISK_SIGNAL,Moderate-Risk-Signal Synthetic Profile,SAMPLE_PROFILE,pub_rec,50,DETERMINISTIC_NUMERIC_FIXTURE,metadata-validated / contract-checked synthetic fixture,sample_profile__pub_rec__synthetic_profile_canonical,READY,SYNTHETIC_PROFILE_CANONICAL,MODEL_FEATURE,,True,False,False,False,False,False,False,False,False,False,False,False,False
SP_MEDIUM_RISK_SIGNAL,Moderate-Risk-Signal Synthetic Profile,SAMPLE_PROFILE,pub_rec_bankruptcies,50,DETERMINISTIC_NUMERIC_FIXTURE,metadata-validated / contract-checked synthetic fixture,sample_profile__pub_rec_bankruptcies__synthetic_profile_canonical,READY,SYNTHETIC_PROFILE_CANONICAL,MODEL_FEATURE,,True,False,False,False,False,False,False,False,False,False,False,False,False
SP_MEDIUM_RISK_SIGNAL,Moderate-Risk-Signal Synthetic Profile,SAMPLE_PROFILE,pub_rec_flag,0,BOOLEAN_LIKE_FIXTURE,metadata-validated / contract-checked synthetic fixture,sample_profile__pub_rec_flag__synthetic_profile_canonical,READY,SYNTHETIC_PROFILE_CANONICAL,MODEL_FEATURE,,True,False,False,False,False,False,False,False,False,False,False,False,False
SP_MEDIUM_RISK_SIGNAL,Moderate-Risk-Signal Synthetic Profile,SAMPLE_PROFILE,purpose,other,FIXED_ALLOWED_CATEGORY_REPAIR,metadata-validated / contract-checked synthetic fixture,sample_profile__purpose__synthetic_profile_canonical,READY,SYNTHETIC_PROFILE_CANONICAL,MODEL_FEATURE,,True,False,False,False,False,False,False,False,False,False,False,False,False
SP_MEDIUM_RISK_SIGNAL,Moderate-Risk-Signal Synthetic Profile,SAMPLE_PROFILE,revol_bal,50,DETERMINISTIC_NUMERIC_FIXTURE,metadata-validated / contract-checked synthetic fixture,sample_profile__revol_bal__synthetic_profile_canonical,READY,SYNTHETIC_PROFILE_CANONICAL,MODEL_FEATURE,,True,False,False,False,False,False,False,False,False,False,False,False,False
SP_MEDIUM_RISK_SIGNAL,Moderate-Risk-Signal Synthetic Profile,SAMPLE_PROFILE,revol_util,50,DETERMINISTIC_NUMERIC_FIXTURE,metadata-validated / contract-checked synthetic fixture,sample_profile__revol_util__synthetic_profile_canonical,READY,SYNTHETIC_PROFILE_CANONICAL,MODEL_FEATURE,,True,False,False,False,False,False,False,False,False,False,False,False,False
SP_MEDIUM_RISK_SIGNAL,Moderate-Risk-Signal Synthetic Profile,SAMPLE_PROFILE,term_months,50,DETERMINISTIC_NUMERIC_FIXTURE,metadata-validated / contract-checked synthetic fixture,sample_profile__term_months__synthetic_profile_canonical,READY,SYNTHETIC_PROFILE_CANONICAL,MODEL_FEATURE,,True,False,False,False,False,False,False,False,False,False,False,False,False
SP_MEDIUM_RISK_SIGNAL,Moderate-Risk-Signal Synthetic Profile,SAMPLE_PROFILE,tot_cur_bal,50,DETERMINISTIC_NUMERIC_FIXTURE,metadata-validated / contract-checked synthetic fixture,sample_profile__tot_cur_bal__synthetic_profile_canonical,READY,SYNTHETIC_PROFILE_CANONICAL,MODEL_FEATURE,,True,False,False,False,False,False,False,False,False,False,False,False,False
SP_MEDIUM_RISK_SIGNAL,Moderate-Risk-Signal Synthetic Profile,SAMPLE_PROFILE,total_acc,50,DETERMINISTIC_NUMERIC_FIXTURE,metadata-validated / contract-checked synthetic fixture,sample_profile__total_acc__synthetic_profile_canonical,READY,SYNTHETIC_PROFILE_CANONICAL,MODEL_FEATURE,,True,False,False,False,False,False,False,False,False,False,False,False,False
SP_MEDIUM_RISK_SIGNAL,Moderate-Risk-Signal Synthetic Profile,SAMPLE_PROFILE,total_rev_hi_lim,50,DETERMINISTIC_NUMERIC_FIXTURE,metadata-validated / contract-checked synthetic fixture,sample_profile__total_rev_hi_lim__synthetic_profile_canonical,READY,SYNTHETIC_PROFILE_CANONICAL,MODEL_FEATURE,,True,False,False,False,False,False,False,False,False,False,False,False,False
SP_MEDIUM_RISK_SIGNAL,Moderate-Risk-Signal Synthetic Profile,SAMPLE_PROFILE,util_to_fico_ratio,50,DETERMINISTIC_NUMERIC_FIXTURE,metadata-validated / contract-checked synthetic fixture,sample_profile__util_to_fico_ratio__synthetic_profile_canonical,READY,SYNTHETIC_PROFILE_CANONICAL,MODEL_FEATURE,,True,False,False,False,False,False,False,False,False,False,False,False,False
SP_MEDIUM_RISK_SIGNAL,Moderate-Risk-Signal Synthetic Profile,SAMPLE_PROFILE,verification_encoded,50,DETERMINISTIC_NUMERIC_FIXTURE,metadata-validated / contract-checked synthetic fixture,sample_profile__verification_encoded__synthetic_profile_canonical,READY,SYNTHETIC_PROFILE_CANONICAL,MODEL_FEATURE,,True,False,False,False,False,False,False,False,False,False,False,False,False
SP_HIGHER_RISK_SIGNAL,Higher-Risk-Signal Synthetic Profile,SAMPLE_PROFILE,acc_open_past_24mths,80,DETERMINISTIC_NUMERIC_FIXTURE,metadata-validated / contract-checked synthetic fixture,sample_profile__acc_open_past_24mths__synthetic_profile_canonical,READY,SYNTHETIC_PROFILE_CANONICAL,MODEL_FEATURE,,True,False,False,False,False,False,False,False,False,False,False,False,False
SP_HIGHER_RISK_SIGNAL,Higher-Risk-Signal Synthetic Profile,SAMPLE_PROFILE,bankruptcy_flag,1,BOOLEAN_LIKE_FIXTURE,metadata-validated / contract-checked synthetic fixture,sample_profile__bankruptcy_flag__synthetic_profile_canonical,READY,SYNTHETIC_PROFILE_CANONICAL,MODEL_FEATURE,,True,False,False,False,False,False,False,False,False,False,False,False,False
SP_HIGHER_RISK_SIGNAL,Higher-Risk-Signal Synthetic Profile,SAMPLE_PROFILE,bc_open_to_buy,80,DETERMINISTIC_NUMERIC_FIXTURE,metadata-validated / contract-checked synthetic fixture,sample_profile__bc_open_to_buy__synthetic_profile_canonical,READY,SYNTHETIC_PROFILE_CANONICAL,MODEL_FEATURE,,True,False,False,False,False,False,False,False,False,False,False,False,False
SP_HIGHER_RISK_SIGNAL,Higher-Risk-Signal Synthetic Profile,SAMPLE_PROFILE,bc_open_to_buy_missing_flag,1,BOOLEAN_LIKE_FIXTURE,metadata-validated / contract-checked synthetic fixture,sample_profile__bc_open_to_buy_missing_flag__synthetic_profile_canonical,READY,SYNTHETIC_PROFILE_CANONICAL,MODEL_FEATURE,,True,False,False,False,False,False,False,False,False,False,False,False,False
SP_HIGHER_RISK_SIGNAL,Higher-Risk-Signal Synthetic Profile,SAMPLE_PROFILE,bc_util,80,DETERMINISTIC_NUMERIC_FIXTURE,metadata-validated / contract-checked synthetic fixture,sample_profile__bc_util__synthetic_profile_canonical,READY,SYNTHETIC_PROFILE_CANONICAL,MODEL_FEATURE,,True,False,False,False,False,False,False,False,False,False,False,False,False
SP_HIGHER_RISK_SIGNAL,Higher-Risk-Signal Synthetic Profile,SAMPLE_PROFILE,bc_util_missing_flag,1,BOOLEAN_LIKE_FIXTURE,metadata-validated / contract-checked synthetic fixture,sample_profile__bc_util_missing_flag__synthetic_profile_canonical,READY,SYNTHETIC_PROFILE_CANONICAL,MODEL_FEATURE,,True,False,False,False,False,False,False,False,False,False,False,False,False
SP_HIGHER_RISK_SIGNAL,Higher-Risk-Signal Synthetic Profile,SAMPLE_PROFILE,credit_age_months,24,LIMITATION_AWARE_DETERMINISTIC_FIXTURE,metadata-validated / contract-checked synthetic fixture,sample_profile__credit_age_months__limitation_aware_mapping,READY_WITH_LIMITATION,LIMITATION_AWARE_MAPPING,MODEL_FEATURE,,True,True,True,False,False,False,False,False,False,False,False,False,False
SP_HIGHER_RISK_SIGNAL,Higher-Risk-Signal Synthetic Profile,SAMPLE_PROFILE,debt_to_income_revol,80,DETERMINISTIC_NUMERIC_FIXTURE,metadata-validated / contract-checked synthetic fixture,sample_profile__debt_to_income_revol__synthetic_profile_canonical,READY,SYNTHETIC_PROFILE_CANONICAL,MODEL_FEATURE,,True,False,False,False,False,False,False,False,False,False,False,False,False
SP_HIGHER_RISK_SIGNAL,Higher-Risk-Signal Synthetic Profile,SAMPLE_PROFILE,delinq_2yrs,80,DETERMINISTIC_NUMERIC_FIXTURE,metadata-validated / contract-checked synthetic fixture,sample_profile__delinq_2yrs__synthetic_profile_canonical,READY,SYNTHETIC_PROFILE_CANONICAL,MODEL_FEATURE,,True,False,False,False,False,False,False,False,False,False,False,False,False
SP_HIGHER_RISK_SIGNAL,Higher-Risk-Signal Synthetic Profile,SAMPLE_PROFILE,delinq_flag,1,BOOLEAN_LIKE_FIXTURE,metadata-validated / contract-checked synthetic fixture,sample_profile__delinq_flag__synthetic_profile_canonical,READY,SYNTHETIC_PROFILE_CANONICAL,MODEL_FEATURE,,True,False,False,False,False,False,False,False,False,False,False,False,False
SP_HIGHER_RISK_SIGNAL,Higher-Risk-Signal Synthetic Profile,SAMPLE_PROFILE,dti,80,DETERMINISTIC_NUMERIC_FIXTURE,metadata-validated / contract-checked synthetic fixture,sample_profile__dti__synthetic_profile_canonical,READY,SYNTHETIC_PROFILE_CANONICAL,MODEL_FEATURE,,True,False,False,False,False,False,False,False,False,False,False,False,False
SP_HIGHER_RISK_SIGNAL,Higher-Risk-Signal Synthetic Profile,SAMPLE_PROFILE,fico_avg,80,DETERMINISTIC_NUMERIC_FIXTURE,metadata-validated / contract-checked synthetic fixture,sample_profile__fico_avg__synthetic_profile_canonical,READY,SYNTHETIC_PROFILE_CANONICAL,MODEL_FEATURE,,True,False,False,False,False,False,False,False,False,False,False,False,False
SP_HIGHER_RISK_SIGNAL,Higher-Risk-Signal Synthetic Profile,SAMPLE_PROFILE,grade_encoded,5,LIMITATION_AWARE_DETERMINISTIC_FIXTURE,metadata-validated / contract-checked synthetic fixture,sample_profile__grade_encoded__limitation_aware_mapping,READY_WITH_LIMITATION,LIMITATION_AWARE_MAPPING,MODEL_FEATURE,,True,True,True,False,False,False,False,False,False,False,False,False,False
SP_HIGHER_RISK_SIGNAL,Higher-Risk-Signal Synthetic Profile,SAMPLE_PROFILE,high_revol_util_flag,1,BOOLEAN_LIKE_FIXTURE,metadata-validated / contract-checked synthetic fixture,sample_profile__high_revol_util_flag__synthetic_profile_canonical,READY,SYNTHETIC_PROFILE_CANONICAL,MODEL_FEATURE,,True,False,False,False,False,False,False,False,False,False,False,False,False
SP_HIGHER_RISK_SIGNAL,Higher-Risk-Signal Synthetic Profile,SAMPLE_PROFILE,home_ownership_encoded,80,DETERMINISTIC_NUMERIC_FIXTURE,metadata-validated / contract-checked synthetic fixture,sample_profile__home_ownership_encoded__synthetic_profile_canonical,READY,SYNTHETIC_PROFILE_CANONICAL,MODEL_FEATURE,,True,False,False,False,False,False,False,False,False,False,False,False,False
SP_HIGHER_RISK_SIGNAL,Higher-Risk-Signal Synthetic Profile,SAMPLE_PROFILE,inq_last_6mths,80,DETERMINISTIC_NUMERIC_FIXTURE,metadata-validated / contract-checked synthetic fixture,sample_profile__inq_last_6mths__synthetic_profile_canonical,READY,SYNTHETIC_PROFILE_CANONICAL,MODEL_FEATURE,,True,False,False,False,False,False,False,False,False,False,False,False,False
SP_HIGHER_RISK_SIGNAL,Higher-Risk-Signal Synthetic Profile,SAMPLE_PROFILE,inq_per_open_acc,80,DETERMINISTIC_NUMERIC_FIXTURE,metadata-validated / contract-checked synthetic fixture,sample_profile__inq_per_open_acc__synthetic_profile_canonical,READY,SYNTHETIC_PROFILE_CANONICAL,MODEL_FEATURE,,True,False,False,False,False,False,False,False,False,False,False,False,False
SP_HIGHER_RISK_SIGNAL,Higher-Risk-Signal Synthetic Profile,SAMPLE_PROFILE,installment,80,DETERMINISTIC_NUMERIC_FIXTURE,metadata-validated / contract-checked synthetic fixture,sample_profile__installment__synthetic_profile_canonical,READY,SYNTHETIC_PROFILE_CANONICAL,MODEL_FEATURE,,True,False,False,False,False,False,False,False,False,False,False,False,False
SP_HIGHER_RISK_SIGNAL,Higher-Risk-Signal Synthetic Profile,SAMPLE_PROFILE,is_60_month,1,BOOLEAN_LIKE_FIXTURE,metadata-validated / contract-checked synthetic fixture,sample_profile__is_60_month__synthetic_profile_canonical,READY,SYNTHETIC_PROFILE_CANONICAL,MODEL_FEATURE,,True,False,False,False,False,False,False,False,False,False,False,False,False
SP_HIGHER_RISK_SIGNAL,Higher-Risk-Signal Synthetic Profile,SAMPLE_PROFILE,loan_amnt,80,DETERMINISTIC_NUMERIC_FIXTURE,metadata-validated / contract-checked synthetic fixture,sample_profile__loan_amnt__synthetic_profile_canonical,READY,SYNTHETIC_PROFILE_CANONICAL,MODEL_FEATURE,,True,False,False,False,False,False,False,False,False,False,False,False,False
SP_HIGHER_RISK_SIGNAL,Higher-Risk-Signal Synthetic Profile,SAMPLE_PROFILE,loan_to_income,80,DETERMINISTIC_NUMERIC_FIXTURE,metadata-validated / contract-checked synthetic fixture,sample_profile__loan_to_income__synthetic_profile_canonical,READY,SYNTHETIC_PROFILE_CANONICAL,MODEL_FEATURE,,True,False,False,False,False,False,False,False,False,False,False,False,False
SP_HIGHER_RISK_SIGNAL,Higher-Risk-Signal Synthetic Profile,SAMPLE_PROFILE,log_annual_inc,80,DETERMINISTIC_NUMERIC_FIXTURE,metadata-validated / contract-checked synthetic fixture,sample_profile__log_annual_inc__synthetic_profile_canonical,READY,SYNTHETIC_PROFILE_CANONICAL,MODEL_FEATURE,,True,False,False,False,False,False,False,False,False,False,False,False,False
SP_HIGHER_RISK_SIGNAL,Higher-Risk-Signal Synthetic Profile,SAMPLE_PROFILE,log_loan_amnt,80,DETERMINISTIC_NUMERIC_FIXTURE,metadata-validated / contract-checked synthetic fixture,sample_profile__log_loan_amnt__synthetic_profile_canonical,READY,SYNTHETIC_PROFILE_CANONICAL,MODEL_FEATURE,,True,False,False,False,False,False,False,False,False,False,False,False,False
SP_HIGHER_RISK_SIGNAL,Higher-Risk-Signal Synthetic Profile,SAMPLE_PROFILE,log_revol_bal,80,DETERMINISTIC_NUMERIC_FIXTURE,metadata-validated / contract-checked synthetic fixture,sample_profile__log_revol_bal__synthetic_profile_canonical,READY,SYNTHETIC_PROFILE_CANONICAL,MODEL_FEATURE,,True,False,False,False,False,False,False,False,False,False,False,False,False
SP_HIGHER_RISK_SIGNAL,Higher-Risk-Signal Synthetic Profile,SAMPLE_PROFILE,log_tot_cur_bal,80,DETERMINISTIC_NUMERIC_FIXTURE,metadata-validated / contract-checked synthetic fixture,sample_profile__log_tot_cur_bal__synthetic_profile_canonical,READY,SYNTHETIC_PROFILE_CANONICAL,MODEL_FEATURE,,True,False,False,False,False,False,False,False,False,False,False,False,False
SP_HIGHER_RISK_SIGNAL,Higher-Risk-Signal Synthetic Profile,SAMPLE_PROFILE,log_total_rev_hi_lim,80,DETERMINISTIC_NUMERIC_FIXTURE,metadata-validated / contract-checked synthetic fixture,sample_profile__log_total_rev_hi_lim__synthetic_profile_canonical,READY,SYNTHETIC_PROFILE_CANONICAL,MODEL_FEATURE,,True,False,False,False,False,False,False,False,False,False,False,False,False
SP_HIGHER_RISK_SIGNAL,Higher-Risk-Signal Synthetic Profile,SAMPLE_PROFILE,mo_sin_old_rev_tl_op,80,DETERMINISTIC_NUMERIC_FIXTURE,metadata-validated / contract-checked synthetic fixture,sample_profile__mo_sin_old_rev_tl_op__synthetic_profile_canonical,READY,SYNTHETIC_PROFILE_CANONICAL,MODEL_FEATURE,,True,False,False,False,False,False,False,False,False,False,False,False,False
SP_HIGHER_RISK_SIGNAL,Higher-Risk-Signal Synthetic Profile,SAMPLE_PROFILE,mo_sin_old_rev_tl_op_missing_flag,1,BOOLEAN_LIKE_FIXTURE,metadata-validated / contract-checked synthetic fixture,sample_profile__mo_sin_old_rev_tl_op_missing_flag__synthetic_profile_canonical,READY,SYNTHETIC_PROFILE_CANONICAL,MODEL_FEATURE,,True,False,False,False,False,False,False,False,False,False,False,False,False
SP_HIGHER_RISK_SIGNAL,Higher-Risk-Signal Synthetic Profile,SAMPLE_PROFILE,mo_sin_rcnt_rev_tl_op,80,DETERMINISTIC_NUMERIC_FIXTURE,metadata-validated / contract-checked synthetic fixture,sample_profile__mo_sin_rcnt_rev_tl_op__synthetic_profile_canonical,READY,SYNTHETIC_PROFILE_CANONICAL,MODEL_FEATURE,,True,False,False,False,False,False,False,False,False,False,False,False,False
SP_HIGHER_RISK_SIGNAL,Higher-Risk-Signal Synthetic Profile,SAMPLE_PROFILE,mo_sin_rcnt_rev_tl_op_missing_flag,1,BOOLEAN_LIKE_FIXTURE,metadata-validated / contract-checked synthetic fixture,sample_profile__mo_sin_rcnt_rev_tl_op_missing_flag__synthetic_profile_canonical,READY,SYNTHETIC_PROFILE_CANONICAL,MODEL_FEATURE,,True,False,False,False,False,False,False,False,False,False,False,False,False
SP_HIGHER_RISK_SIGNAL,Higher-Risk-Signal Synthetic Profile,SAMPLE_PROFILE,mort_acc,80,DETERMINISTIC_NUMERIC_FIXTURE,metadata-validated / contract-checked synthetic fixture,sample_profile__mort_acc__synthetic_profile_canonical,READY,SYNTHETIC_PROFILE_CANONICAL,MODEL_FEATURE,,True,False,False,False,False,False,False,False,False,False,False,False,False
SP_HIGHER_RISK_SIGNAL,Higher-Risk-Signal Synthetic Profile,SAMPLE_PROFILE,mths_since_last_delinq,80,DETERMINISTIC_NUMERIC_FIXTURE,metadata-validated / contract-checked synthetic fixture,sample_profile__mths_since_last_delinq__synthetic_profile_canonical,READY,SYNTHETIC_PROFILE_CANONICAL,MODEL_FEATURE,,True,False,False,False,False,False,False,False,False,False,False,False,False
SP_HIGHER_RISK_SIGNAL,Higher-Risk-Signal Synthetic Profile,SAMPLE_PROFILE,mths_since_last_delinq_missing_flag,1,BOOLEAN_LIKE_FIXTURE,metadata-validated / contract-checked synthetic fixture,sample_profile__mths_since_last_delinq_missing_flag__synthetic_profile_canonical,READY,SYNTHETIC_PROFILE_CANONICAL,MODEL_FEATURE,,True,False,False,False,False,False,False,False,False,False,False,False,False
SP_HIGHER_RISK_SIGNAL,Higher-Risk-Signal Synthetic Profile,SAMPLE_PROFILE,num_actv_bc_tl,80,DETERMINISTIC_NUMERIC_FIXTURE,metadata-validated / contract-checked synthetic fixture,sample_profile__num_actv_bc_tl__synthetic_profile_canonical,READY,SYNTHETIC_PROFILE_CANONICAL,MODEL_FEATURE,,True,False,False,False,False,False,False,False,False,False,False,False,False
SP_HIGHER_RISK_SIGNAL,Higher-Risk-Signal Synthetic Profile,SAMPLE_PROFILE,open_acc,80,DETERMINISTIC_NUMERIC_FIXTURE,metadata-validated / contract-checked synthetic fixture,sample_profile__open_acc__synthetic_profile_canonical,READY,SYNTHETIC_PROFILE_CANONICAL,MODEL_FEATURE,,True,False,False,False,False,False,False,False,False,False,False,False,False
SP_HIGHER_RISK_SIGNAL,Higher-Risk-Signal Synthetic Profile,SAMPLE_PROFILE,payment_to_income,80,DETERMINISTIC_NUMERIC_FIXTURE,metadata-validated / contract-checked synthetic fixture,sample_profile__payment_to_income__synthetic_profile_canonical,READY,SYNTHETIC_PROFILE_CANONICAL,MODEL_FEATURE,,True,False,False,False,False,False,False,False,False,False,False,False,False
SP_HIGHER_RISK_SIGNAL,Higher-Risk-Signal Synthetic Profile,SAMPLE_PROFILE,pct_tl_nvr_dlq,80,DETERMINISTIC_NUMERIC_FIXTURE,metadata-validated / contract-checked synthetic fixture,sample_profile__pct_tl_nvr_dlq__synthetic_profile_canonical,READY,SYNTHETIC_PROFILE_CANONICAL,MODEL_FEATURE,,True,False,False,False,False,False,False,False,False,False,False,False,False
SP_HIGHER_RISK_SIGNAL,Higher-Risk-Signal Synthetic Profile,SAMPLE_PROFILE,pub_rec,80,DETERMINISTIC_NUMERIC_FIXTURE,metadata-validated / contract-checked synthetic fixture,sample_profile__pub_rec__synthetic_profile_canonical,READY,SYNTHETIC_PROFILE_CANONICAL,MODEL_FEATURE,,True,False,False,False,False,False,False,False,False,False,False,False,False
SP_HIGHER_RISK_SIGNAL,Higher-Risk-Signal Synthetic Profile,SAMPLE_PROFILE,pub_rec_bankruptcies,80,DETERMINISTIC_NUMERIC_FIXTURE,metadata-validated / contract-checked synthetic fixture,sample_profile__pub_rec_bankruptcies__synthetic_profile_canonical,READY,SYNTHETIC_PROFILE_CANONICAL,MODEL_FEATURE,,True,False,False,False,False,False,False,False,False,False,False,False,False
SP_HIGHER_RISK_SIGNAL,Higher-Risk-Signal Synthetic Profile,SAMPLE_PROFILE,pub_rec_flag,1,BOOLEAN_LIKE_FIXTURE,metadata-validated / contract-checked synthetic fixture,sample_profile__pub_rec_flag__synthetic_profile_canonical,READY,SYNTHETIC_PROFILE_CANONICAL,MODEL_FEATURE,,True,False,False,False,False,False,False,False,False,False,False,False,False
SP_HIGHER_RISK_SIGNAL,Higher-Risk-Signal Synthetic Profile,SAMPLE_PROFILE,purpose,other,FIXED_ALLOWED_CATEGORY_REPAIR,metadata-validated / contract-checked synthetic fixture,sample_profile__purpose__synthetic_profile_canonical,READY,SYNTHETIC_PROFILE_CANONICAL,MODEL_FEATURE,,True,False,False,False,False,False,False,False,False,False,False,False,False
SP_HIGHER_RISK_SIGNAL,Higher-Risk-Signal Synthetic Profile,SAMPLE_PROFILE,revol_bal,80,DETERMINISTIC_NUMERIC_FIXTURE,metadata-validated / contract-checked synthetic fixture,sample_profile__revol_bal__synthetic_profile_canonical,READY,SYNTHETIC_PROFILE_CANONICAL,MODEL_FEATURE,,True,False,False,False,False,False,False,False,False,False,False,False,False
SP_HIGHER_RISK_SIGNAL,Higher-Risk-Signal Synthetic Profile,SAMPLE_PROFILE,revol_util,80,DETERMINISTIC_NUMERIC_FIXTURE,metadata-validated / contract-checked synthetic fixture,sample_profile__revol_util__synthetic_profile_canonical,READY,SYNTHETIC_PROFILE_CANONICAL,MODEL_FEATURE,,True,False,False,False,False,False,False,False,False,False,False,False,False
SP_HIGHER_RISK_SIGNAL,Higher-Risk-Signal Synthetic Profile,SAMPLE_PROFILE,term_months,80,DETERMINISTIC_NUMERIC_FIXTURE,metadata-validated / contract-checked synthetic fixture,sample_profile__term_months__synthetic_profile_canonical,READY,SYNTHETIC_PROFILE_CANONICAL,MODEL_FEATURE,,True,False,False,False,False,False,False,False,False,False,False,False,False
SP_HIGHER_RISK_SIGNAL,Higher-Risk-Signal Synthetic Profile,SAMPLE_PROFILE,tot_cur_bal,80,DETERMINISTIC_NUMERIC_FIXTURE,metadata-validated / contract-checked synthetic fixture,sample_profile__tot_cur_bal__synthetic_profile_canonical,READY,SYNTHETIC_PROFILE_CANONICAL,MODEL_FEATURE,,True,False,False,False,False,False,False,False,False,False,False,False,False
SP_HIGHER_RISK_SIGNAL,Higher-Risk-Signal Synthetic Profile,SAMPLE_PROFILE,total_acc,80,DETERMINISTIC_NUMERIC_FIXTURE,metadata-validated / contract-checked synthetic fixture,sample_profile__total_acc__synthetic_profile_canonical,READY,SYNTHETIC_PROFILE_CANONICAL,MODEL_FEATURE,,True,False,False,False,False,False,False,False,False,False,False,False,False
SP_HIGHER_RISK_SIGNAL,Higher-Risk-Signal Synthetic Profile,SAMPLE_PROFILE,total_rev_hi_lim,80,DETERMINISTIC_NUMERIC_FIXTURE,metadata-validated / contract-checked synthetic fixture,sample_profile__total_rev_hi_lim__synthetic_profile_canonical,READY,SYNTHETIC_PROFILE_CANONICAL,MODEL_FEATURE,,True,False,False,False,False,False,False,False,False,False,False,False,False
SP_HIGHER_RISK_SIGNAL,Higher-Risk-Signal Synthetic Profile,SAMPLE_PROFILE,util_to_fico_ratio,80,DETERMINISTIC_NUMERIC_FIXTURE,metadata-validated / contract-checked synthetic fixture,sample_profile__util_to_fico_ratio__synthetic_profile_canonical,READY,SYNTHETIC_PROFILE_CANONICAL,MODEL_FEATURE,,True,False,False,False,False,False,False,False,False,False,False,False,False
SP_HIGHER_RISK_SIGNAL,Higher-Risk-Signal Synthetic Profile,SAMPLE_PROFILE,verification_encoded,80,DETERMINISTIC_NUMERIC_FIXTURE,metadata-validated / contract-checked synthetic fixture,sample_profile__verification_encoded__synthetic_profile_canonical,READY,SYNTHETIC_PROFILE_CANONICAL,MODEL_FEATURE,,True,False,False,False,False,False,False,False,False,False,False,False,False
SP_MIXED_SIGNAL,Mixed-Signal Synthetic Profile,SAMPLE_PROFILE,acc_open_past_24mths,35,DETERMINISTIC_NUMERIC_FIXTURE,metadata-validated / contract-checked synthetic fixture,sample_profile__acc_open_past_24mths__synthetic_profile_canonical,READY,SYNTHETIC_PROFILE_CANONICAL,MODEL_FEATURE,,True,False,False,False,False,False,False,False,False,False,False,False,False
SP_MIXED_SIGNAL,Mixed-Signal Synthetic Profile,SAMPLE_PROFILE,bankruptcy_flag,1,BOOLEAN_LIKE_FIXTURE,metadata-validated / contract-checked synthetic fixture,sample_profile__bankruptcy_flag__synthetic_profile_canonical,READY,SYNTHETIC_PROFILE_CANONICAL,MODEL_FEATURE,,True,False,False,False,False,False,False,False,False,False,False,False,False
SP_MIXED_SIGNAL,Mixed-Signal Synthetic Profile,SAMPLE_PROFILE,bc_open_to_buy,35,DETERMINISTIC_NUMERIC_FIXTURE,metadata-validated / contract-checked synthetic fixture,sample_profile__bc_open_to_buy__synthetic_profile_canonical,READY,SYNTHETIC_PROFILE_CANONICAL,MODEL_FEATURE,,True,False,False,False,False,False,False,False,False,False,False,False,False
SP_MIXED_SIGNAL,Mixed-Signal Synthetic Profile,SAMPLE_PROFILE,bc_open_to_buy_missing_flag,1,BOOLEAN_LIKE_FIXTURE,metadata-validated / contract-checked synthetic fixture,sample_profile__bc_open_to_buy_missing_flag__synthetic_profile_canonical,READY,SYNTHETIC_PROFILE_CANONICAL,MODEL_FEATURE,,True,False,False,False,False,False,False,False,False,False,False,False,False
SP_MIXED_SIGNAL,Mixed-Signal Synthetic Profile,SAMPLE_PROFILE,bc_util,35,DETERMINISTIC_NUMERIC_FIXTURE,metadata-validated / contract-checked synthetic fixture,sample_profile__bc_util__synthetic_profile_canonical,READY,SYNTHETIC_PROFILE_CANONICAL,MODEL_FEATURE,,True,False,False,False,False,False,False,False,False,False,False,False,False
SP_MIXED_SIGNAL,Mixed-Signal Synthetic Profile,SAMPLE_PROFILE,bc_util_missing_flag,1,BOOLEAN_LIKE_FIXTURE,metadata-validated / contract-checked synthetic fixture,sample_profile__bc_util_missing_flag__synthetic_profile_canonical,READY,SYNTHETIC_PROFILE_CANONICAL,MODEL_FEATURE,,True,False,False,False,False,False,False,False,False,False,False,False,False
SP_MIXED_SIGNAL,Mixed-Signal Synthetic Profile,SAMPLE_PROFILE,credit_age_months,48,LIMITATION_AWARE_DETERMINISTIC_FIXTURE,metadata-validated / contract-checked synthetic fixture,sample_profile__credit_age_months__limitation_aware_mapping,READY_WITH_LIMITATION,LIMITATION_AWARE_MAPPING,MODEL_FEATURE,,True,True,True,False,False,False,False,False,False,False,False,False,False
SP_MIXED_SIGNAL,Mixed-Signal Synthetic Profile,SAMPLE_PROFILE,debt_to_income_revol,35,DETERMINISTIC_NUMERIC_FIXTURE,metadata-validated / contract-checked synthetic fixture,sample_profile__debt_to_income_revol__synthetic_profile_canonical,READY,SYNTHETIC_PROFILE_CANONICAL,MODEL_FEATURE,,True,False,False,False,False,False,False,False,False,False,False,False,False
SP_MIXED_SIGNAL,Mixed-Signal Synthetic Profile,SAMPLE_PROFILE,delinq_2yrs,35,DETERMINISTIC_NUMERIC_FIXTURE,metadata-validated / contract-checked synthetic fixture,sample_profile__delinq_2yrs__synthetic_profile_canonical,READY,SYNTHETIC_PROFILE_CANONICAL,MODEL_FEATURE,,True,False,False,False,False,False,False,False,False,False,False,False,False
SP_MIXED_SIGNAL,Mixed-Signal Synthetic Profile,SAMPLE_PROFILE,delinq_flag,1,BOOLEAN_LIKE_FIXTURE,metadata-validated / contract-checked synthetic fixture,sample_profile__delinq_flag__synthetic_profile_canonical,READY,SYNTHETIC_PROFILE_CANONICAL,MODEL_FEATURE,,True,False,False,False,False,False,False,False,False,False,False,False,False
SP_MIXED_SIGNAL,Mixed-Signal Synthetic Profile,SAMPLE_PROFILE,dti,35,DETERMINISTIC_NUMERIC_FIXTURE,metadata-validated / contract-checked synthetic fixture,sample_profile__dti__synthetic_profile_canonical,READY,SYNTHETIC_PROFILE_CANONICAL,MODEL_FEATURE,,True,False,False,False,False,False,False,False,False,False,False,False,False
SP_MIXED_SIGNAL,Mixed-Signal Synthetic Profile,SAMPLE_PROFILE,fico_avg,35,DETERMINISTIC_NUMERIC_FIXTURE,metadata-validated / contract-checked synthetic fixture,sample_profile__fico_avg__synthetic_profile_canonical,READY,SYNTHETIC_PROFILE_CANONICAL,MODEL_FEATURE,,True,False,False,False,False,False,False,False,False,False,False,False,False
SP_MIXED_SIGNAL,Mixed-Signal Synthetic Profile,SAMPLE_PROFILE,grade_encoded,4,LIMITATION_AWARE_DETERMINISTIC_FIXTURE,metadata-validated / contract-checked synthetic fixture,sample_profile__grade_encoded__limitation_aware_mapping,READY_WITH_LIMITATION,LIMITATION_AWARE_MAPPING,MODEL_FEATURE,,True,True,True,False,False,False,False,False,False,False,False,False,False
SP_MIXED_SIGNAL,Mixed-Signal Synthetic Profile,SAMPLE_PROFILE,high_revol_util_flag,1,BOOLEAN_LIKE_FIXTURE,metadata-validated / contract-checked synthetic fixture,sample_profile__high_revol_util_flag__synthetic_profile_canonical,READY,SYNTHETIC_PROFILE_CANONICAL,MODEL_FEATURE,,True,False,False,False,False,False,False,False,False,False,False,False,False
SP_MIXED_SIGNAL,Mixed-Signal Synthetic Profile,SAMPLE_PROFILE,home_ownership_encoded,35,DETERMINISTIC_NUMERIC_FIXTURE,metadata-validated / contract-checked synthetic fixture,sample_profile__home_ownership_encoded__synthetic_profile_canonical,READY,SYNTHETIC_PROFILE_CANONICAL,MODEL_FEATURE,,True,False,False,False,False,False,False,False,False,False,False,False,False
SP_MIXED_SIGNAL,Mixed-Signal Synthetic Profile,SAMPLE_PROFILE,inq_last_6mths,35,DETERMINISTIC_NUMERIC_FIXTURE,metadata-validated / contract-checked synthetic fixture,sample_profile__inq_last_6mths__synthetic_profile_canonical,READY,SYNTHETIC_PROFILE_CANONICAL,MODEL_FEATURE,,True,False,False,False,False,False,False,False,False,False,False,False,False
SP_MIXED_SIGNAL,Mixed-Signal Synthetic Profile,SAMPLE_PROFILE,inq_per_open_acc,35,DETERMINISTIC_NUMERIC_FIXTURE,metadata-validated / contract-checked synthetic fixture,sample_profile__inq_per_open_acc__synthetic_profile_canonical,READY,SYNTHETIC_PROFILE_CANONICAL,MODEL_FEATURE,,True,False,False,False,False,False,False,False,False,False,False,False,False
SP_MIXED_SIGNAL,Mixed-Signal Synthetic Profile,SAMPLE_PROFILE,installment,35,DETERMINISTIC_NUMERIC_FIXTURE,metadata-validated / contract-checked synthetic fixture,sample_profile__installment__synthetic_profile_canonical,READY,SYNTHETIC_PROFILE_CANONICAL,MODEL_FEATURE,,True,False,False,False,False,False,False,False,False,False,False,False,False
SP_MIXED_SIGNAL,Mixed-Signal Synthetic Profile,SAMPLE_PROFILE,is_60_month,1,BOOLEAN_LIKE_FIXTURE,metadata-validated / contract-checked synthetic fixture,sample_profile__is_60_month__synthetic_profile_canonical,READY,SYNTHETIC_PROFILE_CANONICAL,MODEL_FEATURE,,True,False,False,False,False,False,False,False,False,False,False,False,False
SP_MIXED_SIGNAL,Mixed-Signal Synthetic Profile,SAMPLE_PROFILE,loan_amnt,35,DETERMINISTIC_NUMERIC_FIXTURE,metadata-validated / contract-checked synthetic fixture,sample_profile__loan_amnt__synthetic_profile_canonical,READY,SYNTHETIC_PROFILE_CANONICAL,MODEL_FEATURE,,True,False,False,False,False,False,False,False,False,False,False,False,False
SP_MIXED_SIGNAL,Mixed-Signal Synthetic Profile,SAMPLE_PROFILE,loan_to_income,35,DETERMINISTIC_NUMERIC_FIXTURE,metadata-validated / contract-checked synthetic fixture,sample_profile__loan_to_income__synthetic_profile_canonical,READY,SYNTHETIC_PROFILE_CANONICAL,MODEL_FEATURE,,True,False,False,False,False,False,False,False,False,False,False,False,False
SP_MIXED_SIGNAL,Mixed-Signal Synthetic Profile,SAMPLE_PROFILE,log_annual_inc,35,DETERMINISTIC_NUMERIC_FIXTURE,metadata-validated / contract-checked synthetic fixture,sample_profile__log_annual_inc__synthetic_profile_canonical,READY,SYNTHETIC_PROFILE_CANONICAL,MODEL_FEATURE,,True,False,False,False,False,False,False,False,False,False,False,False,False
SP_MIXED_SIGNAL,Mixed-Signal Synthetic Profile,SAMPLE_PROFILE,log_loan_amnt,35,DETERMINISTIC_NUMERIC_FIXTURE,metadata-validated / contract-checked synthetic fixture,sample_profile__log_loan_amnt__synthetic_profile_canonical,READY,SYNTHETIC_PROFILE_CANONICAL,MODEL_FEATURE,,True,False,False,False,False,False,False,False,False,False,False,False,False
SP_MIXED_SIGNAL,Mixed-Signal Synthetic Profile,SAMPLE_PROFILE,log_revol_bal,35,DETERMINISTIC_NUMERIC_FIXTURE,metadata-validated / contract-checked synthetic fixture,sample_profile__log_revol_bal__synthetic_profile_canonical,READY,SYNTHETIC_PROFILE_CANONICAL,MODEL_FEATURE,,True,False,False,False,False,False,False,False,False,False,False,False,False
SP_MIXED_SIGNAL,Mixed-Signal Synthetic Profile,SAMPLE_PROFILE,log_tot_cur_bal,35,DETERMINISTIC_NUMERIC_FIXTURE,metadata-validated / contract-checked synthetic fixture,sample_profile__log_tot_cur_bal__synthetic_profile_canonical,READY,SYNTHETIC_PROFILE_CANONICAL,MODEL_FEATURE,,True,False,False,False,False,False,False,False,False,False,False,False,False
SP_MIXED_SIGNAL,Mixed-Signal Synthetic Profile,SAMPLE_PROFILE,log_total_rev_hi_lim,35,DETERMINISTIC_NUMERIC_FIXTURE,metadata-validated / contract-checked synthetic fixture,sample_profile__log_total_rev_hi_lim__synthetic_profile_canonical,READY,SYNTHETIC_PROFILE_CANONICAL,MODEL_FEATURE,,True,False,False,False,False,False,False,False,False,False,False,False,False
SP_MIXED_SIGNAL,Mixed-Signal Synthetic Profile,SAMPLE_PROFILE,mo_sin_old_rev_tl_op,35,DETERMINISTIC_NUMERIC_FIXTURE,metadata-validated / contract-checked synthetic fixture,sample_profile__mo_sin_old_rev_tl_op__synthetic_profile_canonical,READY,SYNTHETIC_PROFILE_CANONICAL,MODEL_FEATURE,,True,False,False,False,False,False,False,False,False,False,False,False,False
SP_MIXED_SIGNAL,Mixed-Signal Synthetic Profile,SAMPLE_PROFILE,mo_sin_old_rev_tl_op_missing_flag,1,BOOLEAN_LIKE_FIXTURE,metadata-validated / contract-checked synthetic fixture,sample_profile__mo_sin_old_rev_tl_op_missing_flag__synthetic_profile_canonical,READY,SYNTHETIC_PROFILE_CANONICAL,MODEL_FEATURE,,True,False,False,False,False,False,False,False,False,False,False,False,False
SP_MIXED_SIGNAL,Mixed-Signal Synthetic Profile,SAMPLE_PROFILE,mo_sin_rcnt_rev_tl_op,35,DETERMINISTIC_NUMERIC_FIXTURE,metadata-validated / contract-checked synthetic fixture,sample_profile__mo_sin_rcnt_rev_tl_op__synthetic_profile_canonical,READY,SYNTHETIC_PROFILE_CANONICAL,MODEL_FEATURE,,True,False,False,False,False,False,False,False,False,False,False,False,False
SP_MIXED_SIGNAL,Mixed-Signal Synthetic Profile,SAMPLE_PROFILE,mo_sin_rcnt_rev_tl_op_missing_flag,1,BOOLEAN_LIKE_FIXTURE,metadata-validated / contract-checked synthetic fixture,sample_profile__mo_sin_rcnt_rev_tl_op_missing_flag__synthetic_profile_canonical,READY,SYNTHETIC_PROFILE_CANONICAL,MODEL_FEATURE,,True,False,False,False,False,False,False,False,False,False,False,False,False
SP_MIXED_SIGNAL,Mixed-Signal Synthetic Profile,SAMPLE_PROFILE,mort_acc,35,DETERMINISTIC_NUMERIC_FIXTURE,metadata-validated / contract-checked synthetic fixture,sample_profile__mort_acc__synthetic_profile_canonical,READY,SYNTHETIC_PROFILE_CANONICAL,MODEL_FEATURE,,True,False,False,False,False,False,False,False,False,False,False,False,False
SP_MIXED_SIGNAL,Mixed-Signal Synthetic Profile,SAMPLE_PROFILE,mths_since_last_delinq,35,DETERMINISTIC_NUMERIC_FIXTURE,metadata-validated / contract-checked synthetic fixture,sample_profile__mths_since_last_delinq__synthetic_profile_canonical,READY,SYNTHETIC_PROFILE_CANONICAL,MODEL_FEATURE,,True,False,False,False,False,False,False,False,False,False,False,False,False
SP_MIXED_SIGNAL,Mixed-Signal Synthetic Profile,SAMPLE_PROFILE,mths_since_last_delinq_missing_flag,1,BOOLEAN_LIKE_FIXTURE,metadata-validated / contract-checked synthetic fixture,sample_profile__mths_since_last_delinq_missing_flag__synthetic_profile_canonical,READY,SYNTHETIC_PROFILE_CANONICAL,MODEL_FEATURE,,True,False,False,False,False,False,False,False,False,False,False,False,False
SP_MIXED_SIGNAL,Mixed-Signal Synthetic Profile,SAMPLE_PROFILE,num_actv_bc_tl,35,DETERMINISTIC_NUMERIC_FIXTURE,metadata-validated / contract-checked synthetic fixture,sample_profile__num_actv_bc_tl__synthetic_profile_canonical,READY,SYNTHETIC_PROFILE_CANONICAL,MODEL_FEATURE,,True,False,False,False,False,False,False,False,False,False,False,False,False
SP_MIXED_SIGNAL,Mixed-Signal Synthetic Profile,SAMPLE_PROFILE,open_acc,35,DETERMINISTIC_NUMERIC_FIXTURE,metadata-validated / contract-checked synthetic fixture,sample_profile__open_acc__synthetic_profile_canonical,READY,SYNTHETIC_PROFILE_CANONICAL,MODEL_FEATURE,,True,False,False,False,False,False,False,False,False,False,False,False,False
SP_MIXED_SIGNAL,Mixed-Signal Synthetic Profile,SAMPLE_PROFILE,payment_to_income,35,DETERMINISTIC_NUMERIC_FIXTURE,metadata-validated / contract-checked synthetic fixture,sample_profile__payment_to_income__synthetic_profile_canonical,READY,SYNTHETIC_PROFILE_CANONICAL,MODEL_FEATURE,,True,False,False,False,False,False,False,False,False,False,False,False,False
SP_MIXED_SIGNAL,Mixed-Signal Synthetic Profile,SAMPLE_PROFILE,pct_tl_nvr_dlq,35,DETERMINISTIC_NUMERIC_FIXTURE,metadata-validated / contract-checked synthetic fixture,sample_profile__pct_tl_nvr_dlq__synthetic_profile_canonical,READY,SYNTHETIC_PROFILE_CANONICAL,MODEL_FEATURE,,True,False,False,False,False,False,False,False,False,False,False,False,False
SP_MIXED_SIGNAL,Mixed-Signal Synthetic Profile,SAMPLE_PROFILE,pub_rec,35,DETERMINISTIC_NUMERIC_FIXTURE,metadata-validated / contract-checked synthetic fixture,sample_profile__pub_rec__synthetic_profile_canonical,READY,SYNTHETIC_PROFILE_CANONICAL,MODEL_FEATURE,,True,False,False,False,False,False,False,False,False,False,False,False,False
SP_MIXED_SIGNAL,Mixed-Signal Synthetic Profile,SAMPLE_PROFILE,pub_rec_bankruptcies,35,DETERMINISTIC_NUMERIC_FIXTURE,metadata-validated / contract-checked synthetic fixture,sample_profile__pub_rec_bankruptcies__synthetic_profile_canonical,READY,SYNTHETIC_PROFILE_CANONICAL,MODEL_FEATURE,,True,False,False,False,False,False,False,False,False,False,False,False,False
SP_MIXED_SIGNAL,Mixed-Signal Synthetic Profile,SAMPLE_PROFILE,pub_rec_flag,1,BOOLEAN_LIKE_FIXTURE,metadata-validated / contract-checked synthetic fixture,sample_profile__pub_rec_flag__synthetic_profile_canonical,READY,SYNTHETIC_PROFILE_CANONICAL,MODEL_FEATURE,,True,False,False,False,False,False,False,False,False,False,False,False,False
SP_MIXED_SIGNAL,Mixed-Signal Synthetic Profile,SAMPLE_PROFILE,purpose,other,FIXED_ALLOWED_CATEGORY_REPAIR,metadata-validated / contract-checked synthetic fixture,sample_profile__purpose__synthetic_profile_canonical,READY,SYNTHETIC_PROFILE_CANONICAL,MODEL_FEATURE,,True,False,False,False,False,False,False,False,False,False,False,False,False
SP_MIXED_SIGNAL,Mixed-Signal Synthetic Profile,SAMPLE_PROFILE,revol_bal,35,DETERMINISTIC_NUMERIC_FIXTURE,metadata-validated / contract-checked synthetic fixture,sample_profile__revol_bal__synthetic_profile_canonical,READY,SYNTHETIC_PROFILE_CANONICAL,MODEL_FEATURE,,True,False,False,False,False,False,False,False,False,False,False,False,False
SP_MIXED_SIGNAL,Mixed-Signal Synthetic Profile,SAMPLE_PROFILE,revol_util,35,DETERMINISTIC_NUMERIC_FIXTURE,metadata-validated / contract-checked synthetic fixture,sample_profile__revol_util__synthetic_profile_canonical,READY,SYNTHETIC_PROFILE_CANONICAL,MODEL_FEATURE,,True,False,False,False,False,False,False,False,False,False,False,False,False
SP_MIXED_SIGNAL,Mixed-Signal Synthetic Profile,SAMPLE_PROFILE,term_months,35,DETERMINISTIC_NUMERIC_FIXTURE,metadata-validated / contract-checked synthetic fixture,sample_profile__term_months__synthetic_profile_canonical,READY,SYNTHETIC_PROFILE_CANONICAL,MODEL_FEATURE,,True,False,False,False,False,False,False,False,False,False,False,False,False
SP_MIXED_SIGNAL,Mixed-Signal Synthetic Profile,SAMPLE_PROFILE,tot_cur_bal,35,DETERMINISTIC_NUMERIC_FIXTURE,metadata-validated / contract-checked synthetic fixture,sample_profile__tot_cur_bal__synthetic_profile_canonical,READY,SYNTHETIC_PROFILE_CANONICAL,MODEL_FEATURE,,True,False,False,False,False,False,False,False,False,False,False,False,False
SP_MIXED_SIGNAL,Mixed-Signal Synthetic Profile,SAMPLE_PROFILE,total_acc,35,DETERMINISTIC_NUMERIC_FIXTURE,metadata-validated / contract-checked synthetic fixture,sample_profile__total_acc__synthetic_profile_canonical,READY,SYNTHETIC_PROFILE_CANONICAL,MODEL_FEATURE,,True,False,False,False,False,False,False,False,False,False,False,False,False
SP_MIXED_SIGNAL,Mixed-Signal Synthetic Profile,SAMPLE_PROFILE,total_rev_hi_lim,35,DETERMINISTIC_NUMERIC_FIXTURE,metadata-validated / contract-checked synthetic fixture,sample_profile__total_rev_hi_lim__synthetic_profile_canonical,READY,SYNTHETIC_PROFILE_CANONICAL,MODEL_FEATURE,,True,False,False,False,False,False,False,False,False,False,False,False,False
SP_MIXED_SIGNAL,Mixed-Signal Synthetic Profile,SAMPLE_PROFILE,util_to_fico_ratio,35,DETERMINISTIC_NUMERIC_FIXTURE,metadata-validated / contract-checked synthetic fixture,sample_profile__util_to_fico_ratio__synthetic_profile_canonical,READY,SYNTHETIC_PROFILE_CANONICAL,MODEL_FEATURE,,True,False,False,False,False,False,False,False,False,False,False,False,False
SP_MIXED_SIGNAL,Mixed-Signal Synthetic Profile,SAMPLE_PROFILE,verification_encoded,35,DETERMINISTIC_NUMERIC_FIXTURE,metadata-validated / contract-checked synthetic fixture,sample_profile__verification_encoded__synthetic_profile_canonical,READY,SYNTHETIC_PROFILE_CANONICAL,MODEL_FEATURE,,True,False,False,False,False,False,False,False,False,False,False,False,False
SP_LIMITATION_TRANSPARENCY,Limitation Transparency Synthetic Profile,SAMPLE_PROFILE,acc_open_past_24mths,60,DETERMINISTIC_NUMERIC_FIXTURE,metadata-validated / contract-checked synthetic fixture,sample_profile__acc_open_past_24mths__synthetic_profile_canonical,READY,SYNTHETIC_PROFILE_CANONICAL,MODEL_FEATURE,,True,False,False,False,False,False,False,False,False,False,False,False,False
SP_LIMITATION_TRANSPARENCY,Limitation Transparency Synthetic Profile,SAMPLE_PROFILE,bankruptcy_flag,0,BOOLEAN_LIKE_FIXTURE,metadata-validated / contract-checked synthetic fixture,sample_profile__bankruptcy_flag__synthetic_profile_canonical,READY,SYNTHETIC_PROFILE_CANONICAL,MODEL_FEATURE,,True,False,False,False,False,False,False,False,False,False,False,False,False
SP_LIMITATION_TRANSPARENCY,Limitation Transparency Synthetic Profile,SAMPLE_PROFILE,bc_open_to_buy,60,DETERMINISTIC_NUMERIC_FIXTURE,metadata-validated / contract-checked synthetic fixture,sample_profile__bc_open_to_buy__synthetic_profile_canonical,READY,SYNTHETIC_PROFILE_CANONICAL,MODEL_FEATURE,,True,False,False,False,False,False,False,False,False,False,False,False,False
SP_LIMITATION_TRANSPARENCY,Limitation Transparency Synthetic Profile,SAMPLE_PROFILE,bc_open_to_buy_missing_flag,0,BOOLEAN_LIKE_FIXTURE,metadata-validated / contract-checked synthetic fixture,sample_profile__bc_open_to_buy_missing_flag__synthetic_profile_canonical,READY,SYNTHETIC_PROFILE_CANONICAL,MODEL_FEATURE,,True,False,False,False,False,False,False,False,False,False,False,False,False
SP_LIMITATION_TRANSPARENCY,Limitation Transparency Synthetic Profile,SAMPLE_PROFILE,bc_util,60,DETERMINISTIC_NUMERIC_FIXTURE,metadata-validated / contract-checked synthetic fixture,sample_profile__bc_util__synthetic_profile_canonical,READY,SYNTHETIC_PROFILE_CANONICAL,MODEL_FEATURE,,True,False,False,False,False,False,False,False,False,False,False,False,False
SP_LIMITATION_TRANSPARENCY,Limitation Transparency Synthetic Profile,SAMPLE_PROFILE,bc_util_missing_flag,0,BOOLEAN_LIKE_FIXTURE,metadata-validated / contract-checked synthetic fixture,sample_profile__bc_util_missing_flag__synthetic_profile_canonical,READY,SYNTHETIC_PROFILE_CANONICAL,MODEL_FEATURE,,True,False,False,False,False,False,False,False,False,False,False,False,False
SP_LIMITATION_TRANSPARENCY,Limitation Transparency Synthetic Profile,SAMPLE_PROFILE,credit_age_months,36,LIMITATION_AWARE_DETERMINISTIC_FIXTURE,metadata-validated / contract-checked synthetic fixture,sample_profile__credit_age_months__limitation_aware_mapping,READY_WITH_LIMITATION,LIMITATION_AWARE_MAPPING,MODEL_FEATURE,,True,True,True,False,False,False,False,False,False,False,False,False,False
SP_LIMITATION_TRANSPARENCY,Limitation Transparency Synthetic Profile,SAMPLE_PROFILE,debt_to_income_revol,60,DETERMINISTIC_NUMERIC_FIXTURE,metadata-validated / contract-checked synthetic fixture,sample_profile__debt_to_income_revol__synthetic_profile_canonical,READY,SYNTHETIC_PROFILE_CANONICAL,MODEL_FEATURE,,True,False,False,False,False,False,False,False,False,False,False,False,False
SP_LIMITATION_TRANSPARENCY,Limitation Transparency Synthetic Profile,SAMPLE_PROFILE,delinq_2yrs,60,DETERMINISTIC_NUMERIC_FIXTURE,metadata-validated / contract-checked synthetic fixture,sample_profile__delinq_2yrs__synthetic_profile_canonical,READY,SYNTHETIC_PROFILE_CANONICAL,MODEL_FEATURE,,True,False,False,False,False,False,False,False,False,False,False,False,False
SP_LIMITATION_TRANSPARENCY,Limitation Transparency Synthetic Profile,SAMPLE_PROFILE,delinq_flag,0,BOOLEAN_LIKE_FIXTURE,metadata-validated / contract-checked synthetic fixture,sample_profile__delinq_flag__synthetic_profile_canonical,READY,SYNTHETIC_PROFILE_CANONICAL,MODEL_FEATURE,,True,False,False,False,False,False,False,False,False,False,False,False,False
SP_LIMITATION_TRANSPARENCY,Limitation Transparency Synthetic Profile,SAMPLE_PROFILE,dti,60,DETERMINISTIC_NUMERIC_FIXTURE,metadata-validated / contract-checked synthetic fixture,sample_profile__dti__synthetic_profile_canonical,READY,SYNTHETIC_PROFILE_CANONICAL,MODEL_FEATURE,,True,False,False,False,False,False,False,False,False,False,False,False,False
SP_LIMITATION_TRANSPARENCY,Limitation Transparency Synthetic Profile,SAMPLE_PROFILE,fico_avg,60,DETERMINISTIC_NUMERIC_FIXTURE,metadata-validated / contract-checked synthetic fixture,sample_profile__fico_avg__synthetic_profile_canonical,READY,SYNTHETIC_PROFILE_CANONICAL,MODEL_FEATURE,,True,False,False,False,False,False,False,False,False,False,False,False,False
SP_LIMITATION_TRANSPARENCY,Limitation Transparency Synthetic Profile,SAMPLE_PROFILE,grade_encoded,3,LIMITATION_AWARE_DETERMINISTIC_FIXTURE,metadata-validated / contract-checked synthetic fixture,sample_profile__grade_encoded__limitation_aware_mapping,READY_WITH_LIMITATION,LIMITATION_AWARE_MAPPING,MODEL_FEATURE,,True,True,True,False,False,False,False,False,False,False,False,False,False
SP_LIMITATION_TRANSPARENCY,Limitation Transparency Synthetic Profile,SAMPLE_PROFILE,high_revol_util_flag,0,BOOLEAN_LIKE_FIXTURE,metadata-validated / contract-checked synthetic fixture,sample_profile__high_revol_util_flag__synthetic_profile_canonical,READY,SYNTHETIC_PROFILE_CANONICAL,MODEL_FEATURE,,True,False,False,False,False,False,False,False,False,False,False,False,False
SP_LIMITATION_TRANSPARENCY,Limitation Transparency Synthetic Profile,SAMPLE_PROFILE,home_ownership_encoded,60,DETERMINISTIC_NUMERIC_FIXTURE,metadata-validated / contract-checked synthetic fixture,sample_profile__home_ownership_encoded__synthetic_profile_canonical,READY,SYNTHETIC_PROFILE_CANONICAL,MODEL_FEATURE,,True,False,False,False,False,False,False,False,False,False,False,False,False
SP_LIMITATION_TRANSPARENCY,Limitation Transparency Synthetic Profile,SAMPLE_PROFILE,inq_last_6mths,60,DETERMINISTIC_NUMERIC_FIXTURE,metadata-validated / contract-checked synthetic fixture,sample_profile__inq_last_6mths__synthetic_profile_canonical,READY,SYNTHETIC_PROFILE_CANONICAL,MODEL_FEATURE,,True,False,False,False,False,False,False,False,False,False,False,False,False
SP_LIMITATION_TRANSPARENCY,Limitation Transparency Synthetic Profile,SAMPLE_PROFILE,inq_per_open_acc,60,DETERMINISTIC_NUMERIC_FIXTURE,metadata-validated / contract-checked synthetic fixture,sample_profile__inq_per_open_acc__synthetic_profile_canonical,READY,SYNTHETIC_PROFILE_CANONICAL,MODEL_FEATURE,,True,False,False,False,False,False,False,False,False,False,False,False,False
SP_LIMITATION_TRANSPARENCY,Limitation Transparency Synthetic Profile,SAMPLE_PROFILE,installment,60,DETERMINISTIC_NUMERIC_FIXTURE,metadata-validated / contract-checked synthetic fixture,sample_profile__installment__synthetic_profile_canonical,READY,SYNTHETIC_PROFILE_CANONICAL,MODEL_FEATURE,,True,False,False,False,False,False,False,False,False,False,False,False,False
SP_LIMITATION_TRANSPARENCY,Limitation Transparency Synthetic Profile,SAMPLE_PROFILE,is_60_month,0,BOOLEAN_LIKE_FIXTURE,metadata-validated / contract-checked synthetic fixture,sample_profile__is_60_month__synthetic_profile_canonical,READY,SYNTHETIC_PROFILE_CANONICAL,MODEL_FEATURE,,True,False,False,False,False,False,False,False,False,False,False,False,False
SP_LIMITATION_TRANSPARENCY,Limitation Transparency Synthetic Profile,SAMPLE_PROFILE,loan_amnt,60,DETERMINISTIC_NUMERIC_FIXTURE,metadata-validated / contract-checked synthetic fixture,sample_profile__loan_amnt__synthetic_profile_canonical,READY,SYNTHETIC_PROFILE_CANONICAL,MODEL_FEATURE,,True,False,False,False,False,False,False,False,False,False,False,False,False
SP_LIMITATION_TRANSPARENCY,Limitation Transparency Synthetic Profile,SAMPLE_PROFILE,loan_to_income,60,DETERMINISTIC_NUMERIC_FIXTURE,metadata-validated / contract-checked synthetic fixture,sample_profile__loan_to_income__synthetic_profile_canonical,READY,SYNTHETIC_PROFILE_CANONICAL,MODEL_FEATURE,,True,False,False,False,False,False,False,False,False,False,False,False,False
SP_LIMITATION_TRANSPARENCY,Limitation Transparency Synthetic Profile,SAMPLE_PROFILE,log_annual_inc,60,DETERMINISTIC_NUMERIC_FIXTURE,metadata-validated / contract-checked synthetic fixture,sample_profile__log_annual_inc__synthetic_profile_canonical,READY,SYNTHETIC_PROFILE_CANONICAL,MODEL_FEATURE,,True,False,False,False,False,False,False,False,False,False,False,False,False
SP_LIMITATION_TRANSPARENCY,Limitation Transparency Synthetic Profile,SAMPLE_PROFILE,log_loan_amnt,60,DETERMINISTIC_NUMERIC_FIXTURE,metadata-validated / contract-checked synthetic fixture,sample_profile__log_loan_amnt__synthetic_profile_canonical,READY,SYNTHETIC_PROFILE_CANONICAL,MODEL_FEATURE,,True,False,False,False,False,False,False,False,False,False,False,False,False
SP_LIMITATION_TRANSPARENCY,Limitation Transparency Synthetic Profile,SAMPLE_PROFILE,log_revol_bal,60,DETERMINISTIC_NUMERIC_FIXTURE,metadata-validated / contract-checked synthetic fixture,sample_profile__log_revol_bal__synthetic_profile_canonical,READY,SYNTHETIC_PROFILE_CANONICAL,MODEL_FEATURE,,True,False,False,False,False,False,False,False,False,False,False,False,False
SP_LIMITATION_TRANSPARENCY,Limitation Transparency Synthetic Profile,SAMPLE_PROFILE,log_tot_cur_bal,60,DETERMINISTIC_NUMERIC_FIXTURE,metadata-validated / contract-checked synthetic fixture,sample_profile__log_tot_cur_bal__synthetic_profile_canonical,READY,SYNTHETIC_PROFILE_CANONICAL,MODEL_FEATURE,,True,False,False,False,False,False,False,False,False,False,False,False,False
SP_LIMITATION_TRANSPARENCY,Limitation Transparency Synthetic Profile,SAMPLE_PROFILE,log_total_rev_hi_lim,60,DETERMINISTIC_NUMERIC_FIXTURE,metadata-validated / contract-checked synthetic fixture,sample_profile__log_total_rev_hi_lim__synthetic_profile_canonical,READY,SYNTHETIC_PROFILE_CANONICAL,MODEL_FEATURE,,True,False,False,False,False,False,False,False,False,False,False,False,False
SP_LIMITATION_TRANSPARENCY,Limitation Transparency Synthetic Profile,SAMPLE_PROFILE,mo_sin_old_rev_tl_op,60,DETERMINISTIC_NUMERIC_FIXTURE,metadata-validated / contract-checked synthetic fixture,sample_profile__mo_sin_old_rev_tl_op__synthetic_profile_canonical,READY,SYNTHETIC_PROFILE_CANONICAL,MODEL_FEATURE,,True,False,False,False,False,False,False,False,False,False,False,False,False
SP_LIMITATION_TRANSPARENCY,Limitation Transparency Synthetic Profile,SAMPLE_PROFILE,mo_sin_old_rev_tl_op_missing_flag,0,BOOLEAN_LIKE_FIXTURE,metadata-validated / contract-checked synthetic fixture,sample_profile__mo_sin_old_rev_tl_op_missing_flag__synthetic_profile_canonical,READY,SYNTHETIC_PROFILE_CANONICAL,MODEL_FEATURE,,True,False,False,False,False,False,False,False,False,False,False,False,False
SP_LIMITATION_TRANSPARENCY,Limitation Transparency Synthetic Profile,SAMPLE_PROFILE,mo_sin_rcnt_rev_tl_op,60,DETERMINISTIC_NUMERIC_FIXTURE,metadata-validated / contract-checked synthetic fixture,sample_profile__mo_sin_rcnt_rev_tl_op__synthetic_profile_canonical,READY,SYNTHETIC_PROFILE_CANONICAL,MODEL_FEATURE,,True,False,False,False,False,False,False,False,False,False,False,False,False
SP_LIMITATION_TRANSPARENCY,Limitation Transparency Synthetic Profile,SAMPLE_PROFILE,mo_sin_rcnt_rev_tl_op_missing_flag,0,BOOLEAN_LIKE_FIXTURE,metadata-validated / contract-checked synthetic fixture,sample_profile__mo_sin_rcnt_rev_tl_op_missing_flag__synthetic_profile_canonical,READY,SYNTHETIC_PROFILE_CANONICAL,MODEL_FEATURE,,True,False,False,False,False,False,False,False,False,False,False,False,False
SP_LIMITATION_TRANSPARENCY,Limitation Transparency Synthetic Profile,SAMPLE_PROFILE,mort_acc,60,DETERMINISTIC_NUMERIC_FIXTURE,metadata-validated / contract-checked synthetic fixture,sample_profile__mort_acc__synthetic_profile_canonical,READY,SYNTHETIC_PROFILE_CANONICAL,MODEL_FEATURE,,True,False,False,False,False,False,False,False,False,False,False,False,False
SP_LIMITATION_TRANSPARENCY,Limitation Transparency Synthetic Profile,SAMPLE_PROFILE,mths_since_last_delinq,60,DETERMINISTIC_NUMERIC_FIXTURE,metadata-validated / contract-checked synthetic fixture,sample_profile__mths_since_last_delinq__synthetic_profile_canonical,READY,SYNTHETIC_PROFILE_CANONICAL,MODEL_FEATURE,,True,False,False,False,False,False,False,False,False,False,False,False,False
SP_LIMITATION_TRANSPARENCY,Limitation Transparency Synthetic Profile,SAMPLE_PROFILE,mths_since_last_delinq_missing_flag,0,BOOLEAN_LIKE_FIXTURE,metadata-validated / contract-checked synthetic fixture,sample_profile__mths_since_last_delinq_missing_flag__synthetic_profile_canonical,READY,SYNTHETIC_PROFILE_CANONICAL,MODEL_FEATURE,,True,False,False,False,False,False,False,False,False,False,False,False,False
SP_LIMITATION_TRANSPARENCY,Limitation Transparency Synthetic Profile,SAMPLE_PROFILE,num_actv_bc_tl,60,DETERMINISTIC_NUMERIC_FIXTURE,metadata-validated / contract-checked synthetic fixture,sample_profile__num_actv_bc_tl__synthetic_profile_canonical,READY,SYNTHETIC_PROFILE_CANONICAL,MODEL_FEATURE,,True,False,False,False,False,False,False,False,False,False,False,False,False
SP_LIMITATION_TRANSPARENCY,Limitation Transparency Synthetic Profile,SAMPLE_PROFILE,open_acc,60,DETERMINISTIC_NUMERIC_FIXTURE,metadata-validated / contract-checked synthetic fixture,sample_profile__open_acc__synthetic_profile_canonical,READY,SYNTHETIC_PROFILE_CANONICAL,MODEL_FEATURE,,True,False,False,False,False,False,False,False,False,False,False,False,False
SP_LIMITATION_TRANSPARENCY,Limitation Transparency Synthetic Profile,SAMPLE_PROFILE,payment_to_income,60,DETERMINISTIC_NUMERIC_FIXTURE,metadata-validated / contract-checked synthetic fixture,sample_profile__payment_to_income__synthetic_profile_canonical,READY,SYNTHETIC_PROFILE_CANONICAL,MODEL_FEATURE,,True,False,False,False,False,False,False,False,False,False,False,False,False
SP_LIMITATION_TRANSPARENCY,Limitation Transparency Synthetic Profile,SAMPLE_PROFILE,pct_tl_nvr_dlq,60,DETERMINISTIC_NUMERIC_FIXTURE,metadata-validated / contract-checked synthetic fixture,sample_profile__pct_tl_nvr_dlq__synthetic_profile_canonical,READY,SYNTHETIC_PROFILE_CANONICAL,MODEL_FEATURE,,True,False,False,False,False,False,False,False,False,False,False,False,False
SP_LIMITATION_TRANSPARENCY,Limitation Transparency Synthetic Profile,SAMPLE_PROFILE,pub_rec,60,DETERMINISTIC_NUMERIC_FIXTURE,metadata-validated / contract-checked synthetic fixture,sample_profile__pub_rec__synthetic_profile_canonical,READY,SYNTHETIC_PROFILE_CANONICAL,MODEL_FEATURE,,True,False,False,False,False,False,False,False,False,False,False,False,False
SP_LIMITATION_TRANSPARENCY,Limitation Transparency Synthetic Profile,SAMPLE_PROFILE,pub_rec_bankruptcies,60,DETERMINISTIC_NUMERIC_FIXTURE,metadata-validated / contract-checked synthetic fixture,sample_profile__pub_rec_bankruptcies__synthetic_profile_canonical,READY,SYNTHETIC_PROFILE_CANONICAL,MODEL_FEATURE,,True,False,False,False,False,False,False,False,False,False,False,False,False
SP_LIMITATION_TRANSPARENCY,Limitation Transparency Synthetic Profile,SAMPLE_PROFILE,pub_rec_flag,0,BOOLEAN_LIKE_FIXTURE,metadata-validated / contract-checked synthetic fixture,sample_profile__pub_rec_flag__synthetic_profile_canonical,READY,SYNTHETIC_PROFILE_CANONICAL,MODEL_FEATURE,,True,False,False,False,False,False,False,False,False,False,False,False,False
SP_LIMITATION_TRANSPARENCY,Limitation Transparency Synthetic Profile,SAMPLE_PROFILE,purpose,other,FIXED_ALLOWED_CATEGORY_REPAIR,metadata-validated / contract-checked synthetic fixture,sample_profile__purpose__synthetic_profile_canonical,READY,SYNTHETIC_PROFILE_CANONICAL,MODEL_FEATURE,,True,False,False,False,False,False,False,False,False,False,False,False,False
SP_LIMITATION_TRANSPARENCY,Limitation Transparency Synthetic Profile,SAMPLE_PROFILE,revol_bal,60,DETERMINISTIC_NUMERIC_FIXTURE,metadata-validated / contract-checked synthetic fixture,sample_profile__revol_bal__synthetic_profile_canonical,READY,SYNTHETIC_PROFILE_CANONICAL,MODEL_FEATURE,,True,False,False,False,False,False,False,False,False,False,False,False,False
SP_LIMITATION_TRANSPARENCY,Limitation Transparency Synthetic Profile,SAMPLE_PROFILE,revol_util,60,DETERMINISTIC_NUMERIC_FIXTURE,metadata-validated / contract-checked synthetic fixture,sample_profile__revol_util__synthetic_profile_canonical,READY,SYNTHETIC_PROFILE_CANONICAL,MODEL_FEATURE,,True,False,False,False,False,False,False,False,False,False,False,False,False
SP_LIMITATION_TRANSPARENCY,Limitation Transparency Synthetic Profile,SAMPLE_PROFILE,term_months,60,DETERMINISTIC_NUMERIC_FIXTURE,metadata-validated / contract-checked synthetic fixture,sample_profile__term_months__synthetic_profile_canonical,READY,SYNTHETIC_PROFILE_CANONICAL,MODEL_FEATURE,,True,False,False,False,False,False,False,False,False,False,False,False,False
SP_LIMITATION_TRANSPARENCY,Limitation Transparency Synthetic Profile,SAMPLE_PROFILE,tot_cur_bal,60,DETERMINISTIC_NUMERIC_FIXTURE,metadata-validated / contract-checked synthetic fixture,sample_profile__tot_cur_bal__synthetic_profile_canonical,READY,SYNTHETIC_PROFILE_CANONICAL,MODEL_FEATURE,,True,False,False,False,False,False,False,False,False,False,False,False,False
SP_LIMITATION_TRANSPARENCY,Limitation Transparency Synthetic Profile,SAMPLE_PROFILE,total_acc,60,DETERMINISTIC_NUMERIC_FIXTURE,metadata-validated / contract-checked synthetic fixture,sample_profile__total_acc__synthetic_profile_canonical,READY,SYNTHETIC_PROFILE_CANONICAL,MODEL_FEATURE,,True,False,False,False,False,False,False,False,False,False,False,False,False
SP_LIMITATION_TRANSPARENCY,Limitation Transparency Synthetic Profile,SAMPLE_PROFILE,total_rev_hi_lim,60,DETERMINISTIC_NUMERIC_FIXTURE,metadata-validated / contract-checked synthetic fixture,sample_profile__total_rev_hi_lim__synthetic_profile_canonical,READY,SYNTHETIC_PROFILE_CANONICAL,MODEL_FEATURE,,True,False,False,False,False,False,False,False,False,False,False,False,False
SP_LIMITATION_TRANSPARENCY,Limitation Transparency Synthetic Profile,SAMPLE_PROFILE,util_to_fico_ratio,60,DETERMINISTIC_NUMERIC_FIXTURE,metadata-validated / contract-checked synthetic fixture,sample_profile__util_to_fico_ratio__synthetic_profile_canonical,READY,SYNTHETIC_PROFILE_CANONICAL,MODEL_FEATURE,,True,False,False,False,False,False,False,False,False,False,False,False,False
SP_LIMITATION_TRANSPARENCY,Limitation Transparency Synthetic Profile,SAMPLE_PROFILE,verification_encoded,60,DETERMINISTIC_NUMERIC_FIXTURE,metadata-validated / contract-checked synthetic fixture,sample_profile__verification_encoded__synthetic_profile_canonical,READY,SYNTHETIC_PROFILE_CANONICAL,MODEL_FEATURE,,True,False,False,False,False,False,False,False,False,False,False,False,False
