profile_id,canonical_feature,feature_present,limitation_aware,disclosure_required,disclosure_complete,disclosure_text,disclosure_status
SP_LOW_RISK_SIGNAL,grade_encoded,True,True,True,True,"grade_encoded is a limitation-aware canonical synthetic contract field. It is not a Basic Form applicant-entered field, not production-safe evidence, and not authorization for real lending decisions.",READY_WITH_WARNINGS
SP_LOW_RISK_SIGNAL,credit_age_months,True,True,True,True,"credit_age_months is a limitation-aware canonical synthetic contract field. It is not a Basic Form applicant-entered field, not production-safe evidence, and not authorization for real lending decisions.",READY_WITH_WARNINGS
SP_MEDIUM_RISK_SIGNAL,grade_encoded,True,True,True,True,"grade_encoded is a limitation-aware canonical synthetic contract field. It is not a Basic Form applicant-entered field, not production-safe evidence, and not authorization for real lending decisions.",READY_WITH_WARNINGS
SP_MEDIUM_RISK_SIGNAL,credit_age_months,True,True,True,True,"credit_age_months is a limitation-aware canonical synthetic contract field. It is not a Basic Form applicant-entered field, not production-safe evidence, and not authorization for real lending decisions.",READY_WITH_WARNINGS
SP_HIGHER_RISK_SIGNAL,grade_encoded,True,True,True,True,"grade_encoded is a limitation-aware canonical synthetic contract field. It is not a Basic Form applicant-entered field, not production-safe evidence, and not authorization for real lending decisions.",READY_WITH_WARNINGS
SP_HIGHER_RISK_SIGNAL,credit_age_months,True,True,True,True,"credit_age_months is a limitation-aware canonical synthetic contract field. It is not a Basic Form applicant-entered field, not production-safe evidence, and not authorization for real lending decisions.",READY_WITH_WARNINGS
SP_MIXED_SIGNAL,grade_encoded,True,True,True,True,"grade_encoded is a limitation-aware canonical synthetic contract field. It is not a Basic Form applicant-entered field, not production-safe evidence, and not authorization for real lending decisions.",READY_WITH_WARNINGS
SP_MIXED_SIGNAL,credit_age_months,True,True,True,True,"credit_age_months is a limitation-aware canonical synthetic contract field. It is not a Basic Form applicant-entered field, not production-safe evidence, and not authorization for real lending decisions.",READY_WITH_WARNINGS
SP_LIMITATION_TRANSPARENCY,grade_encoded,True,True,True,True,"grade_encoded is a limitation-aware canonical synthetic contract field. It is not a Basic Form applicant-entered field, not production-safe evidence, and not authorization for real lending decisions.",READY_WITH_WARNINGS
SP_LIMITATION_TRANSPARENCY,credit_age_months,True,True,True,True,"credit_age_months is a limitation-aware canonical synthetic contract field. It is not a Basic Form applicant-entered field, not production-safe evidence, and not authorization for real lending decisions.",READY_WITH_WARNINGS
