schema_mode,entity_id,feature_name,canonical_feature_name,source_feature_name,entity_type,demo_role,feature_family,governance_tag,acquisition_type,is_required,is_editable,is_visible,is_payload_field,payload_compatible,data_type,logical_type,allowed_values,default_value,min_value,max_value,validation_rule_id,source_derivation_status,canonical_input_path_status,resolution_status,blocking_status,limitation_required,limitation_note,ui_group,display_label,help_text,schema_status,schema_issue
BASIC_FORM,SRC::annual_inc,SRC::annual_inc,,SRC::annual_inc,SOURCE_INPUT,USER_INPUT_REQUIRED,,,,False,True,True,False,False,unknown,UNKNOWN,,,,,,READY,NOT_APPLICABLE,RESOLVED,NON_BLOCKING,False,,Income & Affordability,Annual Inc,,READY,
BASIC_FORM,SRC::dti,SRC::dti,,SRC::dti,SOURCE_INPUT,USER_INPUT_REQUIRED,,,,False,True,True,False,False,unknown,UNKNOWN,,,,,,READY,NOT_APPLICABLE,RESOLVED,NON_BLOCKING,False,,Income & Affordability,Dti,,READY,
BASIC_FORM,SRC::home_ownership,SRC::home_ownership,,SRC::home_ownership,SOURCE_INPUT,USER_INPUT_REQUIRED,,,,False,True,True,False,False,unknown,UNKNOWN,,,,,,READY,NOT_APPLICABLE,RESOLVED,NON_BLOCKING,False,,General,Home Ownership,,READY,
BASIC_FORM,SRC::loan_amnt,SRC::loan_amnt,,SRC::loan_amnt,SOURCE_INPUT,USER_INPUT_REQUIRED,,,,False,True,True,False,False,unknown,UNKNOWN,,,,,,READY,NOT_APPLICABLE,RESOLVED,NON_BLOCKING,False,,Loan Terms,Loan Amnt,,READY,
BASIC_FORM,SRC::purpose,SRC::purpose,,SRC::purpose,SOURCE_INPUT,USER_INPUT_REQUIRED,,,,False,True,True,False,False,unknown,UNKNOWN,,,,,,READY,NOT_APPLICABLE,RESOLVED,NON_BLOCKING,False,,General,Purpose,,READY,
BASIC_FORM,SRC::term_months,SRC::term_months,,SRC::term_months,SOURCE_INPUT,USER_INPUT_REQUIRED,,,,False,True,True,False,False,numeric,UNKNOWN,,,,,,READY,NOT_APPLICABLE,RESOLVED,NON_BLOCKING,False,,Loan Terms,Term Months,,READY,
SAMPLE_PROFILE,MF::acc_open_past_24mths,acc_open_past_24mths,acc_open_past_24mths,,MODEL_FEATURE,DERIVED_BY_PIPELINE,,,,True,False,True,False,True,unknown,UNKNOWN,,,,,,READY,READY,RESOLVED,NON_BLOCKING,False,,General,Acc Open Past 24Mths,,READY,
SAMPLE_PROFILE,MF::bankruptcy_flag,bankruptcy_flag,bankruptcy_flag,,MODEL_FEATURE,DERIVED_BY_PIPELINE,,,,True,False,True,False,True,boolean,UNKNOWN,,,,,,READY,READY,RESOLVED,NON_BLOCKING,False,,General,Bankruptcy Flag,,READY,
SAMPLE_PROFILE,MF::bc_open_to_buy,bc_open_to_buy,bc_open_to_buy,,MODEL_FEATURE,DERIVED_BY_PIPELINE,,,,True,False,True,False,True,unknown,UNKNOWN,,,,,,READY,READY,RESOLVED,NON_BLOCKING,False,,General,Bc Open To Buy,,READY,
SAMPLE_PROFILE,MF::bc_open_to_buy_missing_flag,bc_open_to_buy_missing_flag,bc_open_to_buy_missing_flag,,MODEL_FEATURE,DERIVED_BY_PIPELINE,,,,True,False,True,False,True,boolean,UNKNOWN,,,,,,READY,READY,RESOLVED,NON_BLOCKING,False,,General,Bc Open To Buy Missing Flag,,READY,
SAMPLE_PROFILE,MF::bc_util,bc_util,bc_util,,MODEL_FEATURE,DERIVED_BY_PIPELINE,,,,True,False,True,False,True,unknown,UNKNOWN,,,,,,READY,READY,RESOLVED,NON_BLOCKING,False,,General,Bc Util,,READY,
SAMPLE_PROFILE,MF::bc_util_missing_flag,bc_util_missing_flag,bc_util_missing_flag,,MODEL_FEATURE,DERIVED_BY_PIPELINE,,,,True,False,True,False,True,boolean,UNKNOWN,,,,,,READY,READY,RESOLVED,NON_BLOCKING,False,,General,Bc Util Missing Flag,,READY,
SAMPLE_PROFILE,MF::credit_age_months,credit_age_months,credit_age_months,,MODEL_FEATURE,DERIVED_BY_PIPELINE,,,,True,False,True,False,True,numeric,UNKNOWN,,,,,,BLOCKED_TEMPORAL,READY_WITH_LIMITATION,RESOLVED_WITH_LIMITATION,NON_BLOCKING,True,credit_age_months has no basic source-derived path in this demo because issue_year remains rejected temporal metadata; allowed only through validated synthetic profiles or technical canonical editor.,General,Credit Age Months,credit_age_months has no basic source-derived path in this demo because issue_year remains rejected temporal metadata; allowed only through validated synthetic profiles or technical canonical editor.,READY_WITH_LIMITATION,credit_age_months has no basic source-derived path in this demo because issue_year remains rejected temporal metadata; allowed only through validated synthetic profiles or technical canonical editor.
SAMPLE_PROFILE,MF::debt_to_income_revol,debt_to_income_revol,debt_to_income_revol,,MODEL_FEATURE,DERIVED_BY_PIPELINE,,,,True,False,True,False,True,unknown,UNKNOWN,,,,,,READY,READY,RESOLVED,NON_BLOCKING,False,,General,Debt To Income Revol,,READY,
SAMPLE_PROFILE,MF::delinq_2yrs,delinq_2yrs,delinq_2yrs,,MODEL_FEATURE,DERIVED_BY_PIPELINE,,,,True,False,True,False,True,unknown,UNKNOWN,,,,,,READY,READY,RESOLVED,NON_BLOCKING,False,,Credit History,Delinq 2Yrs,,READY,
SAMPLE_PROFILE,MF::delinq_flag,delinq_flag,delinq_flag,,MODEL_FEATURE,DERIVED_BY_PIPELINE,,,,True,False,True,False,True,boolean,UNKNOWN,,,,,,READY,READY,RESOLVED,NON_BLOCKING,False,,Credit History,Delinq Flag,,READY,
SAMPLE_PROFILE,MF::dti,dti,dti,,MODEL_FEATURE,DERIVED_BY_PIPELINE,,,,True,False,True,False,True,unknown,UNKNOWN,,,,,,READY,READY,RESOLVED,NON_BLOCKING,False,,Income & Affordability,Dti,,READY,
SAMPLE_PROFILE,MF::fico_avg,fico_avg,fico_avg,,MODEL_FEATURE,DERIVED_BY_PIPELINE,,,,True,False,True,False,True,unknown,UNKNOWN,,,,,,READY,READY,RESOLVED,NON_BLOCKING,False,,General,Fico Avg,,READY,
SAMPLE_PROFILE,MF::grade_encoded,grade_encoded,grade_encoded,,MODEL_FEATURE,DERIVED_BY_PIPELINE,,,,True,False,True,False,True,unknown,UNKNOWN,,,,,,BLOCKED_POLICY,READY_WITH_LIMITATION,RESOLVED_WITH_LIMITATION,NON_BLOCKING,True,grade_encoded is not available through basic applicant-provided input; allowed only through validated synthetic profiles or technical canonical editor for portfolio demo.,Credit Grade,Grade Encoded,grade_encoded is not available through basic applicant-provided input; allowed only through validated synthetic profiles or technical canonical editor for portfolio demo.,READY_WITH_LIMITATION,grade_encoded is not available through basic applicant-provided input; allowed only through validated synthetic profiles or technical canonical editor for portfolio demo.
SAMPLE_PROFILE,MF::high_revol_util_flag,high_revol_util_flag,high_revol_util_flag,,MODEL_FEATURE,DERIVED_BY_PIPELINE,,,,True,False,True,False,True,boolean,UNKNOWN,,,,,,READY,READY,RESOLVED,NON_BLOCKING,False,,General,High Revol Util Flag,,READY,
SAMPLE_PROFILE,MF::home_ownership_encoded,home_ownership_encoded,home_ownership_encoded,,MODEL_FEATURE,DERIVED_BY_PIPELINE,,,,True,False,True,False,True,unknown,UNKNOWN,,,,,,READY,READY,RESOLVED,NON_BLOCKING,False,,General,Home Ownership Encoded,,READY,
SAMPLE_PROFILE,MF::inq_last_6mths,inq_last_6mths,inq_last_6mths,,MODEL_FEATURE,DERIVED_BY_PIPELINE,,,,True,False,True,False,True,unknown,UNKNOWN,,,,,,READY,READY,RESOLVED,NON_BLOCKING,False,,Credit History,Inq Last 6Mths,,READY,
SAMPLE_PROFILE,MF::inq_per_open_acc,inq_per_open_acc,inq_per_open_acc,,MODEL_FEATURE,DERIVED_BY_PIPELINE,,,,True,False,True,False,True,unknown,UNKNOWN,,,,,,READY,READY,RESOLVED,NON_BLOCKING,False,,Credit History,Inq Per Open Acc,,READY,
SAMPLE_PROFILE,MF::installment,installment,installment,,MODEL_FEATURE,DERIVED_BY_PIPELINE,,,,True,False,True,False,True,unknown,UNKNOWN,,,,,,READY,READY,RESOLVED,NON_BLOCKING,False,,Loan Terms,Installment,,READY,
SAMPLE_PROFILE,MF::is_60_month,is_60_month,is_60_month,,MODEL_FEATURE,DERIVED_BY_PIPELINE,,,,True,False,True,False,True,unknown,UNKNOWN,,,,,,READY,READY,RESOLVED,NON_BLOCKING,False,,General,Is 60 Month,,READY,
SAMPLE_PROFILE,MF::loan_amnt,loan_amnt,loan_amnt,,MODEL_FEATURE,DERIVED_BY_PIPELINE,,,,True,False,True,False,True,unknown,UNKNOWN,,,,,,READY,READY,RESOLVED,NON_BLOCKING,False,,Loan Terms,Loan Amnt,,READY,
SAMPLE_PROFILE,MF::loan_to_income,loan_to_income,loan_to_income,,MODEL_FEATURE,DERIVED_BY_PIPELINE,,,,True,False,True,False,True,unknown,UNKNOWN,,,,,,READY,READY,RESOLVED,NON_BLOCKING,False,,Loan Terms,Loan To Income,,READY,
SAMPLE_PROFILE,MF::log_annual_inc,log_annual_inc,log_annual_inc,,MODEL_FEATURE,DERIVED_BY_PIPELINE,,,,True,False,True,False,True,unknown,UNKNOWN,,,,,,READY,READY,RESOLVED,NON_BLOCKING,False,,Income & Affordability,Log Annual Inc,,READY,
SAMPLE_PROFILE,MF::log_loan_amnt,log_loan_amnt,log_loan_amnt,,MODEL_FEATURE,DERIVED_BY_PIPELINE,,,,True,False,True,False,True,unknown,UNKNOWN,,,,,,READY,READY,RESOLVED,NON_BLOCKING,False,,Loan Terms,Log Loan Amnt,,READY,
SAMPLE_PROFILE,MF::log_revol_bal,log_revol_bal,log_revol_bal,,MODEL_FEATURE,DERIVED_BY_PIPELINE,,,,True,False,True,False,True,unknown,UNKNOWN,,,,,,READY,READY,RESOLVED,NON_BLOCKING,False,,General,Log Revol Bal,,READY,
SAMPLE_PROFILE,MF::log_tot_cur_bal,log_tot_cur_bal,log_tot_cur_bal,,MODEL_FEATURE,DERIVED_BY_PIPELINE,,,,True,False,True,False,True,unknown,UNKNOWN,,,,,,READY,READY,RESOLVED,NON_BLOCKING,False,,General,Log Tot Cur Bal,,READY,
SAMPLE_PROFILE,MF::log_total_rev_hi_lim,log_total_rev_hi_lim,log_total_rev_hi_lim,,MODEL_FEATURE,DERIVED_BY_PIPELINE,,,,True,False,True,False,True,unknown,UNKNOWN,,,,,,READY,READY,RESOLVED,NON_BLOCKING,False,,General,Log Total Rev Hi Lim,,READY,
SAMPLE_PROFILE,MF::mo_sin_old_rev_tl_op,mo_sin_old_rev_tl_op,mo_sin_old_rev_tl_op,,MODEL_FEATURE,DERIVED_BY_PIPELINE,,,,True,False,True,False,True,unknown,UNKNOWN,,,,,,READY,READY,RESOLVED,NON_BLOCKING,False,,General,Mo Sin Old Rev Tl Op,,READY,
SAMPLE_PROFILE,MF::mo_sin_old_rev_tl_op_missing_flag,mo_sin_old_rev_tl_op_missing_flag,mo_sin_old_rev_tl_op_missing_flag,,MODEL_FEATURE,DERIVED_BY_PIPELINE,,,,True,False,True,False,True,boolean,UNKNOWN,,,,,,READY,READY,RESOLVED,NON_BLOCKING,False,,General,Mo Sin Old Rev Tl Op Missing Flag,,READY,
SAMPLE_PROFILE,MF::mo_sin_rcnt_rev_tl_op,mo_sin_rcnt_rev_tl_op,mo_sin_rcnt_rev_tl_op,,MODEL_FEATURE,DERIVED_BY_PIPELINE,,,,True,False,True,False,True,unknown,UNKNOWN,,,,,,READY,READY,RESOLVED,NON_BLOCKING,False,,General,Mo Sin Rcnt Rev Tl Op,,READY,
SAMPLE_PROFILE,MF::mo_sin_rcnt_rev_tl_op_missing_flag,mo_sin_rcnt_rev_tl_op_missing_flag,mo_sin_rcnt_rev_tl_op_missing_flag,,MODEL_FEATURE,DERIVED_BY_PIPELINE,,,,True,False,True,False,True,boolean,UNKNOWN,,,,,,READY,READY,RESOLVED,NON_BLOCKING,False,,General,Mo Sin Rcnt Rev Tl Op Missing Flag,,READY,
SAMPLE_PROFILE,MF::mort_acc,mort_acc,mort_acc,,MODEL_FEATURE,DERIVED_BY_PIPELINE,,,,True,False,True,False,True,unknown,UNKNOWN,,,,,,READY,READY,RESOLVED,NON_BLOCKING,False,,General,Mort Acc,,READY,
SAMPLE_PROFILE,MF::mths_since_last_delinq,mths_since_last_delinq,mths_since_last_delinq,,MODEL_FEATURE,DERIVED_BY_PIPELINE,,,,True,False,True,False,True,unknown,UNKNOWN,,,,,,READY,READY,RESOLVED,NON_BLOCKING,False,,Credit History,Mths Since Last Delinq,,READY,
SAMPLE_PROFILE,MF::mths_since_last_delinq_missing_flag,mths_since_last_delinq_missing_flag,mths_since_last_delinq_missing_flag,,MODEL_FEATURE,DERIVED_BY_PIPELINE,,,,True,False,True,False,True,boolean,UNKNOWN,,,,,,READY,READY,RESOLVED,NON_BLOCKING,False,,Credit History,Mths Since Last Delinq Missing Flag,,READY,
SAMPLE_PROFILE,MF::num_actv_bc_tl,num_actv_bc_tl,num_actv_bc_tl,,MODEL_FEATURE,DERIVED_BY_PIPELINE,,,,True,False,True,False,True,numeric,UNKNOWN,,,,,,READY,READY,RESOLVED,NON_BLOCKING,False,,General,Num Actv Bc Tl,,READY,
SAMPLE_PROFILE,MF::open_acc,open_acc,open_acc,,MODEL_FEATURE,DERIVED_BY_PIPELINE,,,,True,False,True,False,True,unknown,UNKNOWN,,,,,,READY,READY,RESOLVED,NON_BLOCKING,False,,General,Open Acc,,READY,
SAMPLE_PROFILE,MF::payment_to_income,payment_to_income,payment_to_income,,MODEL_FEATURE,DERIVED_BY_PIPELINE,,,,True,False,True,False,True,unknown,UNKNOWN,,,,,,READY,READY,RESOLVED,NON_BLOCKING,False,,General,Payment To Income,,READY,
SAMPLE_PROFILE,MF::pct_tl_nvr_dlq,pct_tl_nvr_dlq,pct_tl_nvr_dlq,,MODEL_FEATURE,DERIVED_BY_PIPELINE,,,,True,False,True,False,True,unknown,UNKNOWN,,,,,,READY,READY,RESOLVED,NON_BLOCKING,False,,General,Pct Tl Nvr Dlq,,READY,
SAMPLE_PROFILE,MF::pub_rec,pub_rec,pub_rec,,MODEL_FEATURE,DERIVED_BY_PIPELINE,,,,True,False,True,False,True,unknown,UNKNOWN,,,,,,READY,READY,RESOLVED,NON_BLOCKING,False,,General,Pub Rec,,READY,
SAMPLE_PROFILE,MF::pub_rec_bankruptcies,pub_rec_bankruptcies,pub_rec_bankruptcies,,MODEL_FEATURE,DERIVED_BY_PIPELINE,,,,True,False,True,False,True,unknown,UNKNOWN,,,,,,READY,READY,RESOLVED,NON_BLOCKING,False,,General,Pub Rec Bankruptcies,,READY,
SAMPLE_PROFILE,MF::pub_rec_flag,pub_rec_flag,pub_rec_flag,,MODEL_FEATURE,DERIVED_BY_PIPELINE,,,,True,False,True,False,True,boolean,UNKNOWN,,,,,,READY,READY,RESOLVED,NON_BLOCKING,False,,General,Pub Rec Flag,,READY,
SAMPLE_PROFILE,MF::purpose,purpose,purpose,,MODEL_FEATURE,DERIVED_BY_PIPELINE,,,,True,False,True,False,True,unknown,UNKNOWN,,,,,,READY,READY,RESOLVED,NON_BLOCKING,False,,General,Purpose,,READY,
SAMPLE_PROFILE,MF::revol_bal,revol_bal,revol_bal,,MODEL_FEATURE,DERIVED_BY_PIPELINE,,,,True,False,True,False,True,unknown,UNKNOWN,,,,,,READY,READY,RESOLVED,NON_BLOCKING,False,,General,Revol Bal,,READY,
SAMPLE_PROFILE,MF::revol_util,revol_util,revol_util,,MODEL_FEATURE,DERIVED_BY_PIPELINE,,,,True,False,True,False,True,unknown,UNKNOWN,,,,,,READY,READY,RESOLVED,NON_BLOCKING,False,,General,Revol Util,,READY,
SAMPLE_PROFILE,MF::term_months,term_months,term_months,,MODEL_FEATURE,DERIVED_BY_PIPELINE,,,,True,False,True,False,True,numeric,UNKNOWN,,,,,,READY,READY,RESOLVED,NON_BLOCKING,False,,Loan Terms,Term Months,,READY,
SAMPLE_PROFILE,MF::tot_cur_bal,tot_cur_bal,tot_cur_bal,,MODEL_FEATURE,DERIVED_BY_PIPELINE,,,,True,False,True,False,True,unknown,UNKNOWN,,,,,,READY,READY,RESOLVED,NON_BLOCKING,False,,General,Tot Cur Bal,,READY,
SAMPLE_PROFILE,MF::total_acc,total_acc,total_acc,,MODEL_FEATURE,DERIVED_BY_PIPELINE,,,,True,False,True,False,True,unknown,UNKNOWN,,,,,,READY,READY,RESOLVED,NON_BLOCKING,False,,General,Total Acc,,READY,
SAMPLE_PROFILE,MF::total_rev_hi_lim,total_rev_hi_lim,total_rev_hi_lim,,MODEL_FEATURE,DERIVED_BY_PIPELINE,,,,True,False,True,False,True,unknown,UNKNOWN,,,,,,READY,READY,RESOLVED,NON_BLOCKING,False,,General,Total Rev Hi Lim,,READY,
SAMPLE_PROFILE,MF::util_to_fico_ratio,util_to_fico_ratio,util_to_fico_ratio,,MODEL_FEATURE,DERIVED_BY_PIPELINE,,,,True,False,True,False,True,numeric,UNKNOWN,,,,,,READY,READY,RESOLVED,NON_BLOCKING,False,,General,Util To Fico Ratio,,READY,
SAMPLE_PROFILE,MF::verification_encoded,verification_encoded,verification_encoded,,MODEL_FEATURE,DERIVED_BY_PIPELINE,,,,True,False,True,False,True,unknown,UNKNOWN,,,,,,READY,READY,RESOLVED,NON_BLOCKING,False,,General,Verification Encoded,,READY,
ADVANCED_EDITOR,MF::acc_open_past_24mths,acc_open_past_24mths,acc_open_past_24mths,,MODEL_FEATURE,DERIVED_BY_PIPELINE,,,,True,True,True,False,True,unknown,UNKNOWN,,,,,,READY,READY,RESOLVED,NON_BLOCKING,False,,General,Acc Open Past 24Mths,,READY,
ADVANCED_EDITOR,MF::bankruptcy_flag,bankruptcy_flag,bankruptcy_flag,,MODEL_FEATURE,DERIVED_BY_PIPELINE,,,,True,True,True,False,True,boolean,UNKNOWN,,,,,,READY,READY,RESOLVED,NON_BLOCKING,False,,General,Bankruptcy Flag,,READY,
ADVANCED_EDITOR,MF::bc_open_to_buy,bc_open_to_buy,bc_open_to_buy,,MODEL_FEATURE,DERIVED_BY_PIPELINE,,,,True,True,True,False,True,unknown,UNKNOWN,,,,,,READY,READY,RESOLVED,NON_BLOCKING,False,,General,Bc Open To Buy,,READY,
ADVANCED_EDITOR,MF::bc_open_to_buy_missing_flag,bc_open_to_buy_missing_flag,bc_open_to_buy_missing_flag,,MODEL_FEATURE,DERIVED_BY_PIPELINE,,,,True,True,True,False,True,boolean,UNKNOWN,,,,,,READY,READY,RESOLVED,NON_BLOCKING,False,,General,Bc Open To Buy Missing Flag,,READY,
ADVANCED_EDITOR,MF::bc_util,bc_util,bc_util,,MODEL_FEATURE,DERIVED_BY_PIPELINE,,,,True,True,True,False,True,unknown,UNKNOWN,,,,,,READY,READY,RESOLVED,NON_BLOCKING,False,,General,Bc Util,,READY,
ADVANCED_EDITOR,MF::bc_util_missing_flag,bc_util_missing_flag,bc_util_missing_flag,,MODEL_FEATURE,DERIVED_BY_PIPELINE,,,,True,True,True,False,True,boolean,UNKNOWN,,,,,,READY,READY,RESOLVED,NON_BLOCKING,False,,General,Bc Util Missing Flag,,READY,
ADVANCED_EDITOR,MF::credit_age_months,credit_age_months,credit_age_months,,MODEL_FEATURE,DERIVED_BY_PIPELINE,,,,True,True,True,False,True,numeric,UNKNOWN,,,,,,BLOCKED_TEMPORAL,READY_WITH_LIMITATION,RESOLVED_WITH_LIMITATION,NON_BLOCKING,True,credit_age_months has no basic source-derived path in this demo because issue_year remains rejected temporal metadata; allowed only through validated synthetic profiles or technical canonical editor.,General,Credit Age Months,credit_age_months has no basic source-derived path in this demo because issue_year remains rejected temporal metadata; allowed only through validated synthetic profiles or technical canonical editor.,READY_WITH_LIMITATION,credit_age_months has no basic source-derived path in this demo because issue_year remains rejected temporal metadata; allowed only through validated synthetic profiles or technical canonical editor.
ADVANCED_EDITOR,MF::debt_to_income_revol,debt_to_income_revol,debt_to_income_revol,,MODEL_FEATURE,DERIVED_BY_PIPELINE,,,,True,True,True,False,True,unknown,UNKNOWN,,,,,,READY,READY,RESOLVED,NON_BLOCKING,False,,General,Debt To Income Revol,,READY,
ADVANCED_EDITOR,MF::delinq_2yrs,delinq_2yrs,delinq_2yrs,,MODEL_FEATURE,DERIVED_BY_PIPELINE,,,,True,True,True,False,True,unknown,UNKNOWN,,,,,,READY,READY,RESOLVED,NON_BLOCKING,False,,Credit History,Delinq 2Yrs,,READY,
ADVANCED_EDITOR,MF::delinq_flag,delinq_flag,delinq_flag,,MODEL_FEATURE,DERIVED_BY_PIPELINE,,,,True,True,True,False,True,boolean,UNKNOWN,,,,,,READY,READY,RESOLVED,NON_BLOCKING,False,,Credit History,Delinq Flag,,READY,
ADVANCED_EDITOR,MF::dti,dti,dti,,MODEL_FEATURE,DERIVED_BY_PIPELINE,,,,True,True,True,False,True,unknown,UNKNOWN,,,,,,READY,READY,RESOLVED,NON_BLOCKING,False,,Income & Affordability,Dti,,READY,
ADVANCED_EDITOR,MF::fico_avg,fico_avg,fico_avg,,MODEL_FEATURE,DERIVED_BY_PIPELINE,,,,True,True,True,False,True,unknown,UNKNOWN,,,,,,READY,READY,RESOLVED,NON_BLOCKING,False,,General,Fico Avg,,READY,
ADVANCED_EDITOR,MF::grade_encoded,grade_encoded,grade_encoded,,MODEL_FEATURE,DERIVED_BY_PIPELINE,,,,True,True,True,False,True,unknown,UNKNOWN,,,,,,BLOCKED_POLICY,READY_WITH_LIMITATION,RESOLVED_WITH_LIMITATION,NON_BLOCKING,True,grade_encoded is not available through basic applicant-provided input; allowed only through validated synthetic profiles or technical canonical editor for portfolio demo.,Credit Grade,Grade Encoded,grade_encoded is not available through basic applicant-provided input; allowed only through validated synthetic profiles or technical canonical editor for portfolio demo.,READY_WITH_LIMITATION,grade_encoded is not available through basic applicant-provided input; allowed only through validated synthetic profiles or technical canonical editor for portfolio demo.
ADVANCED_EDITOR,MF::high_revol_util_flag,high_revol_util_flag,high_revol_util_flag,,MODEL_FEATURE,DERIVED_BY_PIPELINE,,,,True,True,True,False,True,boolean,UNKNOWN,,,,,,READY,READY,RESOLVED,NON_BLOCKING,False,,General,High Revol Util Flag,,READY,
ADVANCED_EDITOR,MF::home_ownership_encoded,home_ownership_encoded,home_ownership_encoded,,MODEL_FEATURE,DERIVED_BY_PIPELINE,,,,True,True,True,False,True,unknown,UNKNOWN,,,,,,READY,READY,RESOLVED,NON_BLOCKING,False,,General,Home Ownership Encoded,,READY,
ADVANCED_EDITOR,MF::inq_last_6mths,inq_last_6mths,inq_last_6mths,,MODEL_FEATURE,DERIVED_BY_PIPELINE,,,,True,True,True,False,True,unknown,UNKNOWN,,,,,,READY,READY,RESOLVED,NON_BLOCKING,False,,Credit History,Inq Last 6Mths,,READY,
ADVANCED_EDITOR,MF::inq_per_open_acc,inq_per_open_acc,inq_per_open_acc,,MODEL_FEATURE,DERIVED_BY_PIPELINE,,,,True,True,True,False,True,unknown,UNKNOWN,,,,,,READY,READY,RESOLVED,NON_BLOCKING,False,,Credit History,Inq Per Open Acc,,READY,
ADVANCED_EDITOR,MF::installment,installment,installment,,MODEL_FEATURE,DERIVED_BY_PIPELINE,,,,True,True,True,False,True,unknown,UNKNOWN,,,,,,READY,READY,RESOLVED,NON_BLOCKING,False,,Loan Terms,Installment,,READY,
ADVANCED_EDITOR,MF::is_60_month,is_60_month,is_60_month,,MODEL_FEATURE,DERIVED_BY_PIPELINE,,,,True,True,True,False,True,unknown,UNKNOWN,,,,,,READY,READY,RESOLVED,NON_BLOCKING,False,,General,Is 60 Month,,READY,
ADVANCED_EDITOR,MF::loan_amnt,loan_amnt,loan_amnt,,MODEL_FEATURE,DERIVED_BY_PIPELINE,,,,True,True,True,False,True,unknown,UNKNOWN,,,,,,READY,READY,RESOLVED,NON_BLOCKING,False,,Loan Terms,Loan Amnt,,READY,
ADVANCED_EDITOR,MF::loan_to_income,loan_to_income,loan_to_income,,MODEL_FEATURE,DERIVED_BY_PIPELINE,,,,True,True,True,False,True,unknown,UNKNOWN,,,,,,READY,READY,RESOLVED,NON_BLOCKING,False,,Loan Terms,Loan To Income,,READY,
ADVANCED_EDITOR,MF::log_annual_inc,log_annual_inc,log_annual_inc,,MODEL_FEATURE,DERIVED_BY_PIPELINE,,,,True,True,True,False,True,unknown,UNKNOWN,,,,,,READY,READY,RESOLVED,NON_BLOCKING,False,,Income & Affordability,Log Annual Inc,,READY,
ADVANCED_EDITOR,MF::log_loan_amnt,log_loan_amnt,log_loan_amnt,,MODEL_FEATURE,DERIVED_BY_PIPELINE,,,,True,True,True,False,True,unknown,UNKNOWN,,,,,,READY,READY,RESOLVED,NON_BLOCKING,False,,Loan Terms,Log Loan Amnt,,READY,
ADVANCED_EDITOR,MF::log_revol_bal,log_revol_bal,log_revol_bal,,MODEL_FEATURE,DERIVED_BY_PIPELINE,,,,True,True,True,False,True,unknown,UNKNOWN,,,,,,READY,READY,RESOLVED,NON_BLOCKING,False,,General,Log Revol Bal,,READY,
ADVANCED_EDITOR,MF::log_tot_cur_bal,log_tot_cur_bal,log_tot_cur_bal,,MODEL_FEATURE,DERIVED_BY_PIPELINE,,,,True,True,True,False,True,unknown,UNKNOWN,,,,,,READY,READY,RESOLVED,NON_BLOCKING,False,,General,Log Tot Cur Bal,,READY,
ADVANCED_EDITOR,MF::log_total_rev_hi_lim,log_total_rev_hi_lim,log_total_rev_hi_lim,,MODEL_FEATURE,DERIVED_BY_PIPELINE,,,,True,True,True,False,True,unknown,UNKNOWN,,,,,,READY,READY,RESOLVED,NON_BLOCKING,False,,General,Log Total Rev Hi Lim,,READY,
ADVANCED_EDITOR,MF::mo_sin_old_rev_tl_op,mo_sin_old_rev_tl_op,mo_sin_old_rev_tl_op,,MODEL_FEATURE,DERIVED_BY_PIPELINE,,,,True,True,True,False,True,unknown,UNKNOWN,,,,,,READY,READY,RESOLVED,NON_BLOCKING,False,,General,Mo Sin Old Rev Tl Op,,READY,
ADVANCED_EDITOR,MF::mo_sin_old_rev_tl_op_missing_flag,mo_sin_old_rev_tl_op_missing_flag,mo_sin_old_rev_tl_op_missing_flag,,MODEL_FEATURE,DERIVED_BY_PIPELINE,,,,True,True,True,False,True,boolean,UNKNOWN,,,,,,READY,READY,RESOLVED,NON_BLOCKING,False,,General,Mo Sin Old Rev Tl Op Missing Flag,,READY,
ADVANCED_EDITOR,MF::mo_sin_rcnt_rev_tl_op,mo_sin_rcnt_rev_tl_op,mo_sin_rcnt_rev_tl_op,,MODEL_FEATURE,DERIVED_BY_PIPELINE,,,,True,True,True,False,True,unknown,UNKNOWN,,,,,,READY,READY,RESOLVED,NON_BLOCKING,False,,General,Mo Sin Rcnt Rev Tl Op,,READY,
ADVANCED_EDITOR,MF::mo_sin_rcnt_rev_tl_op_missing_flag,mo_sin_rcnt_rev_tl_op_missing_flag,mo_sin_rcnt_rev_tl_op_missing_flag,,MODEL_FEATURE,DERIVED_BY_PIPELINE,,,,True,True,True,False,True,boolean,UNKNOWN,,,,,,READY,READY,RESOLVED,NON_BLOCKING,False,,General,Mo Sin Rcnt Rev Tl Op Missing Flag,,READY,
ADVANCED_EDITOR,MF::mort_acc,mort_acc,mort_acc,,MODEL_FEATURE,DERIVED_BY_PIPELINE,,,,True,True,True,False,True,unknown,UNKNOWN,,,,,,READY,READY,RESOLVED,NON_BLOCKING,False,,General,Mort Acc,,READY,
ADVANCED_EDITOR,MF::mths_since_last_delinq,mths_since_last_delinq,mths_since_last_delinq,,MODEL_FEATURE,DERIVED_BY_PIPELINE,,,,True,True,True,False,True,unknown,UNKNOWN,,,,,,READY,READY,RESOLVED,NON_BLOCKING,False,,Credit History,Mths Since Last Delinq,,READY,
ADVANCED_EDITOR,MF::mths_since_last_delinq_missing_flag,mths_since_last_delinq_missing_flag,mths_since_last_delinq_missing_flag,,MODEL_FEATURE,DERIVED_BY_PIPELINE,,,,True,True,True,False,True,boolean,UNKNOWN,,,,,,READY,READY,RESOLVED,NON_BLOCKING,False,,Credit History,Mths Since Last Delinq Missing Flag,,READY,
ADVANCED_EDITOR,MF::num_actv_bc_tl,num_actv_bc_tl,num_actv_bc_tl,,MODEL_FEATURE,DERIVED_BY_PIPELINE,,,,True,True,True,False,True,numeric,UNKNOWN,,,,,,READY,READY,RESOLVED,NON_BLOCKING,False,,General,Num Actv Bc Tl,,READY,
ADVANCED_EDITOR,MF::open_acc,open_acc,open_acc,,MODEL_FEATURE,DERIVED_BY_PIPELINE,,,,True,True,True,False,True,unknown,UNKNOWN,,,,,,READY,READY,RESOLVED,NON_BLOCKING,False,,General,Open Acc,,READY,
ADVANCED_EDITOR,MF::payment_to_income,payment_to_income,payment_to_income,,MODEL_FEATURE,DERIVED_BY_PIPELINE,,,,True,True,True,False,True,unknown,UNKNOWN,,,,,,READY,READY,RESOLVED,NON_BLOCKING,False,,General,Payment To Income,,READY,
ADVANCED_EDITOR,MF::pct_tl_nvr_dlq,pct_tl_nvr_dlq,pct_tl_nvr_dlq,,MODEL_FEATURE,DERIVED_BY_PIPELINE,,,,True,True,True,False,True,unknown,UNKNOWN,,,,,,READY,READY,RESOLVED,NON_BLOCKING,False,,General,Pct Tl Nvr Dlq,,READY,
ADVANCED_EDITOR,MF::pub_rec,pub_rec,pub_rec,,MODEL_FEATURE,DERIVED_BY_PIPELINE,,,,True,True,True,False,True,unknown,UNKNOWN,,,,,,READY,READY,RESOLVED,NON_BLOCKING,False,,General,Pub Rec,,READY,
ADVANCED_EDITOR,MF::pub_rec_bankruptcies,pub_rec_bankruptcies,pub_rec_bankruptcies,,MODEL_FEATURE,DERIVED_BY_PIPELINE,,,,True,True,True,False,True,unknown,UNKNOWN,,,,,,READY,READY,RESOLVED,NON_BLOCKING,False,,General,Pub Rec Bankruptcies,,READY,
ADVANCED_EDITOR,MF::pub_rec_flag,pub_rec_flag,pub_rec_flag,,MODEL_FEATURE,DERIVED_BY_PIPELINE,,,,True,True,True,False,True,boolean,UNKNOWN,,,,,,READY,READY,RESOLVED,NON_BLOCKING,False,,General,Pub Rec Flag,,READY,
ADVANCED_EDITOR,MF::purpose,purpose,purpose,,MODEL_FEATURE,DERIVED_BY_PIPELINE,,,,True,True,True,False,True,unknown,UNKNOWN,,,,,,READY,READY,RESOLVED,NON_BLOCKING,False,,General,Purpose,,READY,
ADVANCED_EDITOR,MF::revol_bal,revol_bal,revol_bal,,MODEL_FEATURE,DERIVED_BY_PIPELINE,,,,True,True,True,False,True,unknown,UNKNOWN,,,,,,READY,READY,RESOLVED,NON_BLOCKING,False,,General,Revol Bal,,READY,
ADVANCED_EDITOR,MF::revol_util,revol_util,revol_util,,MODEL_FEATURE,DERIVED_BY_PIPELINE,,,,True,True,True,False,True,unknown,UNKNOWN,,,,,,READY,READY,RESOLVED,NON_BLOCKING,False,,General,Revol Util,,READY,
ADVANCED_EDITOR,MF::term_months,term_months,term_months,,MODEL_FEATURE,DERIVED_BY_PIPELINE,,,,True,True,True,False,True,numeric,UNKNOWN,,,,,,READY,READY,RESOLVED,NON_BLOCKING,False,,Loan Terms,Term Months,,READY,
ADVANCED_EDITOR,MF::tot_cur_bal,tot_cur_bal,tot_cur_bal,,MODEL_FEATURE,DERIVED_BY_PIPELINE,,,,True,True,True,False,True,unknown,UNKNOWN,,,,,,READY,READY,RESOLVED,NON_BLOCKING,False,,General,Tot Cur Bal,,READY,
ADVANCED_EDITOR,MF::total_acc,total_acc,total_acc,,MODEL_FEATURE,DERIVED_BY_PIPELINE,,,,True,True,True,False,True,unknown,UNKNOWN,,,,,,READY,READY,RESOLVED,NON_BLOCKING,False,,General,Total Acc,,READY,
ADVANCED_EDITOR,MF::total_rev_hi_lim,total_rev_hi_lim,total_rev_hi_lim,,MODEL_FEATURE,DERIVED_BY_PIPELINE,,,,True,True,True,False,True,unknown,UNKNOWN,,,,,,READY,READY,RESOLVED,NON_BLOCKING,False,,General,Total Rev Hi Lim,,READY,
ADVANCED_EDITOR,MF::util_to_fico_ratio,util_to_fico_ratio,util_to_fico_ratio,,MODEL_FEATURE,DERIVED_BY_PIPELINE,,,,True,True,True,False,True,numeric,UNKNOWN,,,,,,READY,READY,RESOLVED,NON_BLOCKING,False,,General,Util To Fico Ratio,,READY,
ADVANCED_EDITOR,MF::verification_encoded,verification_encoded,verification_encoded,,MODEL_FEATURE,DERIVED_BY_PIPELINE,,,,True,True,True,False,True,unknown,UNKNOWN,,,,,,READY,READY,RESOLVED,NON_BLOCKING,False,,General,Verification Encoded,,READY,
CANONICAL_PAYLOAD,MF::acc_open_past_24mths,acc_open_past_24mths,acc_open_past_24mths,,MODEL_FEATURE,DERIVED_BY_PIPELINE,,,,True,False,False,True,True,unknown,UNKNOWN,,,,,,READY,READY,RESOLVED,NON_BLOCKING,False,,General,Acc Open Past 24Mths,,READY,
CANONICAL_PAYLOAD,MF::bankruptcy_flag,bankruptcy_flag,bankruptcy_flag,,MODEL_FEATURE,DERIVED_BY_PIPELINE,,,,True,False,False,True,True,boolean,UNKNOWN,,,,,,READY,READY,RESOLVED,NON_BLOCKING,False,,General,Bankruptcy Flag,,READY,
CANONICAL_PAYLOAD,MF::bc_open_to_buy,bc_open_to_buy,bc_open_to_buy,,MODEL_FEATURE,DERIVED_BY_PIPELINE,,,,True,False,False,True,True,unknown,UNKNOWN,,,,,,READY,READY,RESOLVED,NON_BLOCKING,False,,General,Bc Open To Buy,,READY,
CANONICAL_PAYLOAD,MF::bc_open_to_buy_missing_flag,bc_open_to_buy_missing_flag,bc_open_to_buy_missing_flag,,MODEL_FEATURE,DERIVED_BY_PIPELINE,,,,True,False,False,True,True,boolean,UNKNOWN,,,,,,READY,READY,RESOLVED,NON_BLOCKING,False,,General,Bc Open To Buy Missing Flag,,READY,
CANONICAL_PAYLOAD,MF::bc_util,bc_util,bc_util,,MODEL_FEATURE,DERIVED_BY_PIPELINE,,,,True,False,False,True,True,unknown,UNKNOWN,,,,,,READY,READY,RESOLVED,NON_BLOCKING,False,,General,Bc Util,,READY,
CANONICAL_PAYLOAD,MF::bc_util_missing_flag,bc_util_missing_flag,bc_util_missing_flag,,MODEL_FEATURE,DERIVED_BY_PIPELINE,,,,True,False,False,True,True,boolean,UNKNOWN,,,,,,READY,READY,RESOLVED,NON_BLOCKING,False,,General,Bc Util Missing Flag,,READY,
CANONICAL_PAYLOAD,MF::credit_age_months,credit_age_months,credit_age_months,,MODEL_FEATURE,DERIVED_BY_PIPELINE,,,,True,False,False,True,True,numeric,UNKNOWN,,,,,,BLOCKED_TEMPORAL,READY_WITH_LIMITATION,RESOLVED_WITH_LIMITATION,NON_BLOCKING,True,credit_age_months has no basic source-derived path in this demo because issue_year remains rejected temporal metadata; allowed only through validated synthetic profiles or technical canonical editor.,General,Credit Age Months,credit_age_months has no basic source-derived path in this demo because issue_year remains rejected temporal metadata; allowed only through validated synthetic profiles or technical canonical editor.,READY_WITH_LIMITATION,credit_age_months has no basic source-derived path in this demo because issue_year remains rejected temporal metadata; allowed only through validated synthetic profiles or technical canonical editor.
CANONICAL_PAYLOAD,MF::debt_to_income_revol,debt_to_income_revol,debt_to_income_revol,,MODEL_FEATURE,DERIVED_BY_PIPELINE,,,,True,False,False,True,True,unknown,UNKNOWN,,,,,,READY,READY,RESOLVED,NON_BLOCKING,False,,General,Debt To Income Revol,,READY,
CANONICAL_PAYLOAD,MF::delinq_2yrs,delinq_2yrs,delinq_2yrs,,MODEL_FEATURE,DERIVED_BY_PIPELINE,,,,True,False,False,True,True,unknown,UNKNOWN,,,,,,READY,READY,RESOLVED,NON_BLOCKING,False,,Credit History,Delinq 2Yrs,,READY,
CANONICAL_PAYLOAD,MF::delinq_flag,delinq_flag,delinq_flag,,MODEL_FEATURE,DERIVED_BY_PIPELINE,,,,True,False,False,True,True,boolean,UNKNOWN,,,,,,READY,READY,RESOLVED,NON_BLOCKING,False,,Credit History,Delinq Flag,,READY,
CANONICAL_PAYLOAD,MF::dti,dti,dti,,MODEL_FEATURE,DERIVED_BY_PIPELINE,,,,True,False,False,True,True,unknown,UNKNOWN,,,,,,READY,READY,RESOLVED,NON_BLOCKING,False,,Income & Affordability,Dti,,READY,
CANONICAL_PAYLOAD,MF::fico_avg,fico_avg,fico_avg,,MODEL_FEATURE,DERIVED_BY_PIPELINE,,,,True,False,False,True,True,unknown,UNKNOWN,,,,,,READY,READY,RESOLVED,NON_BLOCKING,False,,General,Fico Avg,,READY,
CANONICAL_PAYLOAD,MF::grade_encoded,grade_encoded,grade_encoded,,MODEL_FEATURE,DERIVED_BY_PIPELINE,,,,True,False,False,True,True,unknown,UNKNOWN,,,,,,BLOCKED_POLICY,READY_WITH_LIMITATION,RESOLVED_WITH_LIMITATION,NON_BLOCKING,True,grade_encoded is not available through basic applicant-provided input; allowed only through validated synthetic profiles or technical canonical editor for portfolio demo.,Credit Grade,Grade Encoded,grade_encoded is not available through basic applicant-provided input; allowed only through validated synthetic profiles or technical canonical editor for portfolio demo.,READY_WITH_LIMITATION,grade_encoded is not available through basic applicant-provided input; allowed only through validated synthetic profiles or technical canonical editor for portfolio demo.
CANONICAL_PAYLOAD,MF::high_revol_util_flag,high_revol_util_flag,high_revol_util_flag,,MODEL_FEATURE,DERIVED_BY_PIPELINE,,,,True,False,False,True,True,boolean,UNKNOWN,,,,,,READY,READY,RESOLVED,NON_BLOCKING,False,,General,High Revol Util Flag,,READY,
CANONICAL_PAYLOAD,MF::home_ownership_encoded,home_ownership_encoded,home_ownership_encoded,,MODEL_FEATURE,DERIVED_BY_PIPELINE,,,,True,False,False,True,True,unknown,UNKNOWN,,,,,,READY,READY,RESOLVED,NON_BLOCKING,False,,General,Home Ownership Encoded,,READY,
CANONICAL_PAYLOAD,MF::inq_last_6mths,inq_last_6mths,inq_last_6mths,,MODEL_FEATURE,DERIVED_BY_PIPELINE,,,,True,False,False,True,True,unknown,UNKNOWN,,,,,,READY,READY,RESOLVED,NON_BLOCKING,False,,Credit History,Inq Last 6Mths,,READY,
CANONICAL_PAYLOAD,MF::inq_per_open_acc,inq_per_open_acc,inq_per_open_acc,,MODEL_FEATURE,DERIVED_BY_PIPELINE,,,,True,False,False,True,True,unknown,UNKNOWN,,,,,,READY,READY,RESOLVED,NON_BLOCKING,False,,Credit History,Inq Per Open Acc,,READY,
CANONICAL_PAYLOAD,MF::installment,installment,installment,,MODEL_FEATURE,DERIVED_BY_PIPELINE,,,,True,False,False,True,True,unknown,UNKNOWN,,,,,,READY,READY,RESOLVED,NON_BLOCKING,False,,Loan Terms,Installment,,READY,
CANONICAL_PAYLOAD,MF::is_60_month,is_60_month,is_60_month,,MODEL_FEATURE,DERIVED_BY_PIPELINE,,,,True,False,False,True,True,unknown,UNKNOWN,,,,,,READY,READY,RESOLVED,NON_BLOCKING,False,,General,Is 60 Month,,READY,
CANONICAL_PAYLOAD,MF::loan_amnt,loan_amnt,loan_amnt,,MODEL_FEATURE,DERIVED_BY_PIPELINE,,,,True,False,False,True,True,unknown,UNKNOWN,,,,,,READY,READY,RESOLVED,NON_BLOCKING,False,,Loan Terms,Loan Amnt,,READY,
CANONICAL_PAYLOAD,MF::loan_to_income,loan_to_income,loan_to_income,,MODEL_FEATURE,DERIVED_BY_PIPELINE,,,,True,False,False,True,True,unknown,UNKNOWN,,,,,,READY,READY,RESOLVED,NON_BLOCKING,False,,Loan Terms,Loan To Income,,READY,
CANONICAL_PAYLOAD,MF::log_annual_inc,log_annual_inc,log_annual_inc,,MODEL_FEATURE,DERIVED_BY_PIPELINE,,,,True,False,False,True,True,unknown,UNKNOWN,,,,,,READY,READY,RESOLVED,NON_BLOCKING,False,,Income & Affordability,Log Annual Inc,,READY,
CANONICAL_PAYLOAD,MF::log_loan_amnt,log_loan_amnt,log_loan_amnt,,MODEL_FEATURE,DERIVED_BY_PIPELINE,,,,True,False,False,True,True,unknown,UNKNOWN,,,,,,READY,READY,RESOLVED,NON_BLOCKING,False,,Loan Terms,Log Loan Amnt,,READY,
CANONICAL_PAYLOAD,MF::log_revol_bal,log_revol_bal,log_revol_bal,,MODEL_FEATURE,DERIVED_BY_PIPELINE,,,,True,False,False,True,True,unknown,UNKNOWN,,,,,,READY,READY,RESOLVED,NON_BLOCKING,False,,General,Log Revol Bal,,READY,
CANONICAL_PAYLOAD,MF::log_tot_cur_bal,log_tot_cur_bal,log_tot_cur_bal,,MODEL_FEATURE,DERIVED_BY_PIPELINE,,,,True,False,False,True,True,unknown,UNKNOWN,,,,,,READY,READY,RESOLVED,NON_BLOCKING,False,,General,Log Tot Cur Bal,,READY,
CANONICAL_PAYLOAD,MF::log_total_rev_hi_lim,log_total_rev_hi_lim,log_total_rev_hi_lim,,MODEL_FEATURE,DERIVED_BY_PIPELINE,,,,True,False,False,True,True,unknown,UNKNOWN,,,,,,READY,READY,RESOLVED,NON_BLOCKING,False,,General,Log Total Rev Hi Lim,,READY,
CANONICAL_PAYLOAD,MF::mo_sin_old_rev_tl_op,mo_sin_old_rev_tl_op,mo_sin_old_rev_tl_op,,MODEL_FEATURE,DERIVED_BY_PIPELINE,,,,True,False,False,True,True,unknown,UNKNOWN,,,,,,READY,READY,RESOLVED,NON_BLOCKING,False,,General,Mo Sin Old Rev Tl Op,,READY,
CANONICAL_PAYLOAD,MF::mo_sin_old_rev_tl_op_missing_flag,mo_sin_old_rev_tl_op_missing_flag,mo_sin_old_rev_tl_op_missing_flag,,MODEL_FEATURE,DERIVED_BY_PIPELINE,,,,True,False,False,True,True,boolean,UNKNOWN,,,,,,READY,READY,RESOLVED,NON_BLOCKING,False,,General,Mo Sin Old Rev Tl Op Missing Flag,,READY,
CANONICAL_PAYLOAD,MF::mo_sin_rcnt_rev_tl_op,mo_sin_rcnt_rev_tl_op,mo_sin_rcnt_rev_tl_op,,MODEL_FEATURE,DERIVED_BY_PIPELINE,,,,True,False,False,True,True,unknown,UNKNOWN,,,,,,READY,READY,RESOLVED,NON_BLOCKING,False,,General,Mo Sin Rcnt Rev Tl Op,,READY,
CANONICAL_PAYLOAD,MF::mo_sin_rcnt_rev_tl_op_missing_flag,mo_sin_rcnt_rev_tl_op_missing_flag,mo_sin_rcnt_rev_tl_op_missing_flag,,MODEL_FEATURE,DERIVED_BY_PIPELINE,,,,True,False,False,True,True,boolean,UNKNOWN,,,,,,READY,READY,RESOLVED,NON_BLOCKING,False,,General,Mo Sin Rcnt Rev Tl Op Missing Flag,,READY,
CANONICAL_PAYLOAD,MF::mort_acc,mort_acc,mort_acc,,MODEL_FEATURE,DERIVED_BY_PIPELINE,,,,True,False,False,True,True,unknown,UNKNOWN,,,,,,READY,READY,RESOLVED,NON_BLOCKING,False,,General,Mort Acc,,READY,
CANONICAL_PAYLOAD,MF::mths_since_last_delinq,mths_since_last_delinq,mths_since_last_delinq,,MODEL_FEATURE,DERIVED_BY_PIPELINE,,,,True,False,False,True,True,unknown,UNKNOWN,,,,,,READY,READY,RESOLVED,NON_BLOCKING,False,,Credit History,Mths Since Last Delinq,,READY,
CANONICAL_PAYLOAD,MF::mths_since_last_delinq_missing_flag,mths_since_last_delinq_missing_flag,mths_since_last_delinq_missing_flag,,MODEL_FEATURE,DERIVED_BY_PIPELINE,,,,True,False,False,True,True,boolean,UNKNOWN,,,,,,READY,READY,RESOLVED,NON_BLOCKING,False,,Credit History,Mths Since Last Delinq Missing Flag,,READY,
CANONICAL_PAYLOAD,MF::num_actv_bc_tl,num_actv_bc_tl,num_actv_bc_tl,,MODEL_FEATURE,DERIVED_BY_PIPELINE,,,,True,False,False,True,True,numeric,UNKNOWN,,,,,,READY,READY,RESOLVED,NON_BLOCKING,False,,General,Num Actv Bc Tl,,READY,
CANONICAL_PAYLOAD,MF::open_acc,open_acc,open_acc,,MODEL_FEATURE,DERIVED_BY_PIPELINE,,,,True,False,False,True,True,unknown,UNKNOWN,,,,,,READY,READY,RESOLVED,NON_BLOCKING,False,,General,Open Acc,,READY,
CANONICAL_PAYLOAD,MF::payment_to_income,payment_to_income,payment_to_income,,MODEL_FEATURE,DERIVED_BY_PIPELINE,,,,True,False,False,True,True,unknown,UNKNOWN,,,,,,READY,READY,RESOLVED,NON_BLOCKING,False,,General,Payment To Income,,READY,
CANONICAL_PAYLOAD,MF::pct_tl_nvr_dlq,pct_tl_nvr_dlq,pct_tl_nvr_dlq,,MODEL_FEATURE,DERIVED_BY_PIPELINE,,,,True,False,False,True,True,unknown,UNKNOWN,,,,,,READY,READY,RESOLVED,NON_BLOCKING,False,,General,Pct Tl Nvr Dlq,,READY,
CANONICAL_PAYLOAD,MF::pub_rec,pub_rec,pub_rec,,MODEL_FEATURE,DERIVED_BY_PIPELINE,,,,True,False,False,True,True,unknown,UNKNOWN,,,,,,READY,READY,RESOLVED,NON_BLOCKING,False,,General,Pub Rec,,READY,
CANONICAL_PAYLOAD,MF::pub_rec_bankruptcies,pub_rec_bankruptcies,pub_rec_bankruptcies,,MODEL_FEATURE,DERIVED_BY_PIPELINE,,,,True,False,False,True,True,unknown,UNKNOWN,,,,,,READY,READY,RESOLVED,NON_BLOCKING,False,,General,Pub Rec Bankruptcies,,READY,
CANONICAL_PAYLOAD,MF::pub_rec_flag,pub_rec_flag,pub_rec_flag,,MODEL_FEATURE,DERIVED_BY_PIPELINE,,,,True,False,False,True,True,boolean,UNKNOWN,,,,,,READY,READY,RESOLVED,NON_BLOCKING,False,,General,Pub Rec Flag,,READY,
CANONICAL_PAYLOAD,MF::purpose,purpose,purpose,,MODEL_FEATURE,DERIVED_BY_PIPELINE,,,,True,False,False,True,True,unknown,UNKNOWN,,,,,,READY,READY,RESOLVED,NON_BLOCKING,False,,General,Purpose,,READY,
CANONICAL_PAYLOAD,MF::revol_bal,revol_bal,revol_bal,,MODEL_FEATURE,DERIVED_BY_PIPELINE,,,,True,False,False,True,True,unknown,UNKNOWN,,,,,,READY,READY,RESOLVED,NON_BLOCKING,False,,General,Revol Bal,,READY,
CANONICAL_PAYLOAD,MF::revol_util,revol_util,revol_util,,MODEL_FEATURE,DERIVED_BY_PIPELINE,,,,True,False,False,True,True,unknown,UNKNOWN,,,,,,READY,READY,RESOLVED,NON_BLOCKING,False,,General,Revol Util,,READY,
CANONICAL_PAYLOAD,MF::term_months,term_months,term_months,,MODEL_FEATURE,DERIVED_BY_PIPELINE,,,,True,False,False,True,True,numeric,UNKNOWN,,,,,,READY,READY,RESOLVED,NON_BLOCKING,False,,Loan Terms,Term Months,,READY,
CANONICAL_PAYLOAD,MF::tot_cur_bal,tot_cur_bal,tot_cur_bal,,MODEL_FEATURE,DERIVED_BY_PIPELINE,,,,True,False,False,True,True,unknown,UNKNOWN,,,,,,READY,READY,RESOLVED,NON_BLOCKING,False,,General,Tot Cur Bal,,READY,
CANONICAL_PAYLOAD,MF::total_acc,total_acc,total_acc,,MODEL_FEATURE,DERIVED_BY_PIPELINE,,,,True,False,False,True,True,unknown,UNKNOWN,,,,,,READY,READY,RESOLVED,NON_BLOCKING,False,,General,Total Acc,,READY,
CANONICAL_PAYLOAD,MF::total_rev_hi_lim,total_rev_hi_lim,total_rev_hi_lim,,MODEL_FEATURE,DERIVED_BY_PIPELINE,,,,True,False,False,True,True,unknown,UNKNOWN,,,,,,READY,READY,RESOLVED,NON_BLOCKING,False,,General,Total Rev Hi Lim,,READY,
CANONICAL_PAYLOAD,MF::util_to_fico_ratio,util_to_fico_ratio,util_to_fico_ratio,,MODEL_FEATURE,DERIVED_BY_PIPELINE,,,,True,False,False,True,True,numeric,UNKNOWN,,,,,,READY,READY,RESOLVED,NON_BLOCKING,False,,General,Util To Fico Ratio,,READY,
CANONICAL_PAYLOAD,MF::verification_encoded,verification_encoded,verification_encoded,,MODEL_FEATURE,DERIVED_BY_PIPELINE,,,,True,False,False,True,True,unknown,UNKNOWN,,,,,,READY,READY,RESOLVED,NON_BLOCKING,False,,General,Verification Encoded,,READY,
